<?xml version="1.0" encoding="UTF-8"?>
<ivy-module version="2.0" xmlns:m="http://ant.apache.org/ivy/maven">
	<info organisation="com.liferay"
		module="com.liferay.css.builder"
		revision="1.0.20"
		status="release"
		publication="20160913142830"
	>
		<license name="LGPL 2.1" url="http://www.gnu.org/licenses/old-licenses/lgpl-2.1.txt" />
		<description homepage="" />
	</info>
	<configurations>
		<conf name="default" visibility="public" description="runtime dependencies and master artifact can be used with this conf" extends="runtime,master"/>
		<conf name="master" visibility="public" description="contains only the artifact published by this module itself, with no transitive dependencies"/>
		<conf name="compile" visibility="public" description="this is the default scope, used if none is specified. Compile dependencies are available in all classpaths."/>
		<conf name="provided" visibility="public" description="this is much like compile, but indicates you expect the JDK or a container to provide it. It is only available on the compilation classpath, and is not transitive."/>
		<conf name="runtime" visibility="public" description="this scope indicates that the dependency is not required for compilation, but is for execution. It is in the runtime and test classpaths, but not the compile classpath." extends="compile"/>
		<conf name="test" visibility="private" description="this scope indicates that the dependency is not required for normal use of the application, and is only available for the test compilation and execution phases." extends="runtime"/>
		<conf name="system" visibility="public" description="this scope is similar to provided except that you have to provide the JAR which contains it explicitly. The artifact is always available and is not looked up in a repository."/>
		<conf name="sources" visibility="public" description="this configuration contains the source artifact of this module, if any."/>
		<conf name="javadoc" visibility="public" description="this configuration contains the javadoc artifact of this module, if any."/>
		<conf name="optional" visibility="public" description="contains all optional dependencies"/>
	</configurations>
	<publications>
		<artifact name="com.liferay.css.builder" type="jar" ext="jar" conf="master"/>
		<artifact name="com.liferay.css.builder" type="source" ext="jar" conf="sources" m:classifier="sources"/>
		<artifact name="com.liferay.css.builder" type="javadoc" ext="jar" conf="javadoc" m:classifier="javadoc"/>
	</publications>
	<dependencies>
		<dependency org="com.liferay" name="com.liferay.rtl.css" rev="1.0.5" force="true" conf="compile->compile(*),master(*);runtime->runtime(*)"/>
		<dependency org="com.liferay" name="com.liferay.sass.compiler.jni" rev="2.0.4" force="true" conf="compile->compile(*),master(*);runtime->runtime(*)"/>
		<dependency org="com.liferay" name="com.liferay.sass.compiler.ruby" rev="2.0.3" force="true" conf="compile->compile(*),master(*);runtime->runtime(*)"/>
		<dependency org="org.apache.ant" name="ant" rev="1.9.4" force="true" conf="compile->compile(*),master(*);runtime->runtime(*)"/>
		<dependency org="org.codehaus.plexus" name="plexus-utils" rev="3.0.15" force="true" conf="compile->compile(*),master(*);runtime->runtime(*)">
			<exclude org="*" module="*" name="*" type="*" ext="*" conf="" matcher="exact"/>
		</dependency>
		<dependency org="org.slf4j" name="slf4j-log4j12" rev="1.7.2" force="true" conf="compile->compile(*),master(*);runtime->runtime(*)"/>
		<dependency org="org.sonatype.plexus" name="plexus-build-api" rev="0.0.7" force="true" conf="compile->compile(*),master(*);runtime->runtime(*)">
			<exclude org="*" module="*" name="*" type="*" ext="*" conf="" matcher="exact"/>
		</dependency>
		<dependency org="com.liferay.portal" name="com.liferay.portal.impl" rev="2.0.0" force="true" conf="provided->compile(*),provided(*),runtime(*),master(*)"/>
		<dependency org="com.liferay.portal" name="com.liferay.portal.kernel" rev="2.0.0" force="true" conf="provided->compile(*),provided(*),runtime(*),master(*)"/>
		<dependency org="org.apache.maven" name="maven-plugin-api" rev="3.0.4" force="true" conf="provided->compile(*),provided(*),runtime(*),master(*)">
			<exclude org="*" module="*" name="*" type="*" ext="*" conf="" matcher="exact"/>
		</dependency>
	</dependencies>
</ivy-module>
