<?xml version="1.0" encoding="UTF-8"?>
<ivy-module version="2.0" xmlns:m="http://ant.apache.org/ivy/maven">
	<info organisation="org.jruby"
		module="jruby-parent"
		revision="1.7.20"
		status="release"
		publication="20171026154249"
	>
		<license name="GPL 3" url="http://www.gnu.org/licenses/gpl-3.0-standalone.html" />
		<license name="LGPL 3" url="http://www.gnu.org/licenses/lgpl-3.0-standalone.html" />
		<license name="EPL" url="http://www.eclipse.org/legal/epl-v10.html" />
		<description homepage="https://github.com/jruby/jruby">
		JRuby is the effort to recreate the Ruby (http://www.ruby-lang.org) interpreter in Java.
		</description>
		<m:properties__version.ruby>1.8.7</m:properties__version.ruby>
		<m:properties__jffi.version>1.2.9</m:properties__jffi.version>
		<m:properties__minitest-excludes.version>1.0.2</m:properties__minitest-excludes.version>
		<m:properties__rspec.version>2.14.1</m:properties__rspec.version>
		<m:properties__bundle.name>JRuby</m:properties__bundle.name>
		<m:properties__jruby.basedir>${project.basedir}</m:properties__jruby.basedir>
		<m:properties__its.j2ee>j2ee*/pom.xml</m:properties__its.j2ee>
		<m:properties__rspec-mocks.version>2.14.1</m:properties__rspec-mocks.version>
		<m:properties__invoker.skip>true</m:properties__invoker.skip>
		<m:properties__version.jruby>${project.version}</m:properties__version.jruby>
		<m:properties__main.basedir>${project.basedir}</m:properties__main.basedir>
		<m:properties__version.ruby.major>1.8</m:properties__version.ruby.major>
		<m:properties__rake.version>10.1.0</m:properties__rake.version>
		<m:properties__bundle.symbolic_name>org.jruby.jruby</m:properties__bundle.symbolic_name>
		<m:properties__asm.version>5.0.3</m:properties__asm.version>
		<m:properties__base.javac.version>1.6</m:properties__base.javac.version>
		<m:properties__project.build.sourceEncoding>utf-8</m:properties__project.build.sourceEncoding>
		<m:properties__rspec-core.version>2.14.2</m:properties__rspec-core.version>
		<m:properties__minitest.version>5.0.7</m:properties__minitest.version>
		<m:properties__version.ruby.minor>7</m:properties__version.ruby.minor>
		<m:properties__rdoc.version>4.1.2</m:properties__rdoc.version>
		<m:properties__base.java.version>1.6</m:properties__base.java.version>
		<m:properties__version.ruby2_0.revision>40734</m:properties__version.ruby2_0.revision>
		<m:properties__rspec-expectations.version>2.14.0</m:properties__rspec-expectations.version>
		<m:properties__version.ruby2_0.major>2.0</m:properties__version.ruby2_0.major>
		<m:properties__version.ruby1_9.revision>39386</m:properties__version.ruby1_9.revision>
		<m:properties__version.ruby2_0>2.0.0</m:properties__version.ruby2_0>
		<m:properties__krypt.version>0.0.2.rc1</m:properties__krypt.version>
		<m:properties__json.version>1.8.0</m:properties__json.version>
		<m:properties__version.ruby2_0.patchlevel>195</m:properties__version.ruby2_0.patchlevel>
		<m:properties__its.osgi>osgi*/pom.xml</m:properties__its.osgi>
		<m:properties__version.ruby1_9>1.9.3</m:properties__version.ruby1_9>
		<m:properties__jruby.plugins.version>1.0.7</m:properties__jruby.plugins.version>
		<m:properties__diff-lcs.version>1.1.3</m:properties__diff-lcs.version>
		<m:properties__version.ruby1_9.patchlevel>3922</m:properties__version.ruby1_9.patchlevel>
		<m:properties__version.ruby.patchlevel>370</m:properties__version.ruby.patchlevel>
		<m:properties__ant.version>1.9.2</m:properties__ant.version>
		<m:properties__version.ruby1_9.major>1.9</m:properties__version.ruby1_9.major>
		<m:properties__joda.time.version>2.5</m:properties__joda.time.version>
		<m:properties__jruby-launcher.version>1.0.19</m:properties__jruby-launcher.version>
		<m:properties__github.global.server>github</m:properties__github.global.server>
		<m:properties__sonatypeOssDistMgmtSnapshotsUrl>https://oss.sonatype.org/content/repositories/snapshots/</m:properties__sonatypeOssDistMgmtSnapshotsUrl>
		<m:maven.plugins>org.apache.maven.plugins__maven-enforcer-plugin__1.0|org.apache.maven.plugins__maven-enforcer-plugin__1.0|org.apache.maven.plugins__maven-site-plugin__null|org.apache.maven.plugins__maven-scm-publish-plugin__1.0-beta-2</m:maven.plugins>
		<m:dependency.management__junit__junit__version>4.11</m:dependency.management__junit__junit__version>
		<m:dependency.management__junit__junit__scope>test</m:dependency.management__junit__junit__scope>
	</info>
	<configurations>
		<conf name="default" visibility="public" description="runtime dependencies and master artifact can be used with this conf" extends="runtime,master"/>
		<conf name="master" visibility="public" description="contains only the artifact published by this module itself, with no transitive dependencies"/>
		<conf name="compile" visibility="public" description="this is the default scope, used if none is specified. Compile dependencies are available in all classpaths."/>
		<conf name="provided" visibility="public" description="this is much like compile, but indicates you expect the JDK or a container to provide it. It is only available on the compilation classpath, and is not transitive."/>
		<conf name="runtime" visibility="public" description="this scope indicates that the dependency is not required for compilation, but is for execution. It is in the runtime and test classpaths, but not the compile classpath." extends="compile"/>
		<conf name="test" visibility="private" description="this scope indicates that the dependency is not required for normal use of the application, and is only available for the test compilation and execution phases." extends="runtime"/>
		<conf name="system" visibility="public" description="this scope is similar to provided except that you have to provide the JAR which contains it explicitly. The artifact is always available and is not looked up in a repository."/>
		<conf name="sources" visibility="public" description="this configuration contains the source artifact of this module, if any."/>
		<conf name="javadoc" visibility="public" description="this configuration contains the javadoc artifact of this module, if any."/>
		<conf name="optional" visibility="public" description="contains all optional dependencies"/>
	</configurations>
	<publications>
	</publications>
</ivy-module>
