<?xml version="1.0" encoding="UTF-8"?>
<ivy-module version="2.0" xmlns:m="http://ant.apache.org/ivy/maven">
	<info organisation="junit"
		module="junit"
		revision="4.12"
		status="release"
		publication="20171102161940"
	>
		<license name="Eclipse Public License 1.0" url="http://www.eclipse.org/legal/epl-v10.html" />
		<description homepage="http://junit.org">
		JUnit is a unit testing framework for Java, created by Erich Gamma and Kent Beck.
		</description>
		<m:properties__jdkVersion>1.5</m:properties__jdkVersion>
		<m:properties__project.build.sourceEncoding>ISO-8859-1</m:properties__project.build.sourceEncoding>
		<m:properties__arguments/>
		<m:properties__gpg.keyname>67893CC4</m:properties__gpg.keyname>
		<m:maven.plugins>null__maven-enforcer-plugin__1.3.1|com.google.code.maven-replacer-plugin__replacer__1.5.3|null__maven-compiler-plugin__3.1|org.codehaus.mojo__animal-sniffer-maven-plugin__1.11|null__maven-surefire-plugin__2.17|null__maven-source-plugin__2.2.1|null__maven-javadoc-plugin__2.9.1|null__maven-release-plugin__2.5|null__maven-site-plugin__3.3|null__maven-jar-plugin__2.4</m:maven.plugins>
	</info>
	<configurations>
		<conf name="default" visibility="public" description="runtime dependencies and master artifact can be used with this conf" extends="runtime,master"/>
		<conf name="master" visibility="public" description="contains only the artifact published by this module itself, with no transitive dependencies"/>
		<conf name="compile" visibility="public" description="this is the default scope, used if none is specified. Compile dependencies are available in all classpaths."/>
		<conf name="provided" visibility="public" description="this is much like compile, but indicates you expect the JDK or a container to provide it. It is only available on the compilation classpath, and is not transitive."/>
		<conf name="runtime" visibility="public" description="this scope indicates that the dependency is not required for compilation, but is for execution. It is in the runtime and test classpaths, but not the compile classpath." extends="compile"/>
		<conf name="test" visibility="private" description="this scope indicates that the dependency is not required for normal use of the application, and is only available for the test compilation and execution phases." extends="runtime"/>
		<conf name="system" visibility="public" description="this scope is similar to provided except that you have to provide the JAR which contains it explicitly. The artifact is always available and is not looked up in a repository."/>
		<conf name="sources" visibility="public" description="this configuration contains the source artifact of this module, if any."/>
		<conf name="javadoc" visibility="public" description="this configuration contains the javadoc artifact of this module, if any."/>
		<conf name="optional" visibility="public" description="contains all optional dependencies"/>
	</configurations>
	<publications>
		<artifact name="junit" type="jar" ext="jar" conf="master"/>
		<artifact name="junit" type="source" ext="jar" conf="sources" m:classifier="sources"/>
		<artifact name="junit" type="javadoc" ext="jar" conf="javadoc" m:classifier="javadoc"/>
	</publications>
	<dependencies>
		<dependency org="org.hamcrest" name="hamcrest-core" rev="1.3" force="true" conf="compile->compile(*),master(*);runtime->runtime(*)"/>
	</dependencies>
</ivy-module>
