<?xml version="1.0" encoding="UTF-8"?>
<ivy-module version="2.0" xmlns:m="http://ant.apache.org/ivy/maven">
	<info organisation="org.apache.maven"
		module="maven-parent"
		revision="27"
		status="release"
		publication="20171026154306"
	>
		<description homepage="http://maven.apache.org/">
		Maven is a software project management and comprehension tool. Based on the concept of a project object model (POM), Maven can manage a project&apos;s build, reporting and documentation from a central piece of information.
		</description>
		<m:properties__checkstyle.violation.ignore>RedundantThrows,NewlineAtEndOfFile,ParameterNumber,MethodLength,FileLength</m:properties__checkstyle.violation.ignore>
		<m:properties__maven.compiler.target>1.${javaVersion}</m:properties__maven.compiler.target>
		<m:properties__maven.site.path>../..</m:properties__maven.site.path>
		<m:properties__javaVersion>6</m:properties__javaVersion>
		<m:properties__maven.compiler.source>1.${javaVersion}</m:properties__maven.compiler.source>
		<m:properties__sonar.host.url>https://analysis.apache.org/</m:properties__sonar.host.url>
		<m:properties__mavenPluginToolsVersion>3.4</m:properties__mavenPluginToolsVersion>
		<m:properties__maven.site.cache>${user.home}/maven-sites</m:properties__maven.site.cache>
		<m:properties__distMgmtSnapshotsUrl>https://repository.apache.org/content/repositories/snapshots</m:properties__distMgmtSnapshotsUrl>
		<m:properties__project.build.sourceEncoding>UTF-8</m:properties__project.build.sourceEncoding>
		<m:properties__gpg.useagent>true</m:properties__gpg.useagent>
		<m:properties__distMgmtSnapshotsName>Apache Development Snapshot Repository</m:properties__distMgmtSnapshotsName>
		<m:properties__arguments/>
		<m:properties__project.reporting.outputEncoding>UTF-8</m:properties__project.reporting.outputEncoding>
		<m:properties__sourceReleaseAssemblyDescriptor>source-release</m:properties__sourceReleaseAssemblyDescriptor>
		<m:properties__organization.logo>http://www.apache.org/images/asf_logo_wide.gif</m:properties__organization.logo>
		<m:maven.plugins>org.apache.maven.plugins__maven-remote-resources-plugin__null|org.apache.maven.plugins__maven-site-plugin__null|org.apache.maven.plugins__maven-remote-resources-plugin__null|org.apache.maven.plugins__maven-site-plugin__null|org.apache.maven.plugins__maven-checkstyle-plugin__null|org.apache.maven.plugins__maven-enforcer-plugin__null|org.apache.rat__apache-rat-plugin__null</m:maven.plugins>
		<m:dependency.management__org.codehaus.plexus__plexus-component-annotations__version>1.5.5</m:dependency.management__org.codehaus.plexus__plexus-component-annotations__version>
		<m:dependency.management__org.apache.maven.plugin-tools__maven-plugin-annotations__version>3.4</m:dependency.management__org.apache.maven.plugin-tools__maven-plugin-annotations__version>
		<m:dependency.management__org.apache.maven.plugin-tools__maven-plugin-annotations__scope>provided</m:dependency.management__org.apache.maven.plugin-tools__maven-plugin-annotations__scope>
	</info>
	<configurations>
		<conf name="default" visibility="public" description="runtime dependencies and master artifact can be used with this conf" extends="runtime,master"/>
		<conf name="master" visibility="public" description="contains only the artifact published by this module itself, with no transitive dependencies"/>
		<conf name="compile" visibility="public" description="this is the default scope, used if none is specified. Compile dependencies are available in all classpaths."/>
		<conf name="provided" visibility="public" description="this is much like compile, but indicates you expect the JDK or a container to provide it. It is only available on the compilation classpath, and is not transitive."/>
		<conf name="runtime" visibility="public" description="this scope indicates that the dependency is not required for compilation, but is for execution. It is in the runtime and test classpaths, but not the compile classpath." extends="compile"/>
		<conf name="test" visibility="private" description="this scope indicates that the dependency is not required for normal use of the application, and is only available for the test compilation and execution phases." extends="runtime"/>
		<conf name="system" visibility="public" description="this scope is similar to provided except that you have to provide the JAR which contains it explicitly. The artifact is always available and is not looked up in a repository."/>
		<conf name="sources" visibility="public" description="this configuration contains the source artifact of this module, if any."/>
		<conf name="javadoc" visibility="public" description="this configuration contains the javadoc artifact of this module, if any."/>
		<conf name="optional" visibility="public" description="contains all optional dependencies"/>
	</configurations>
	<publications>
	</publications>
</ivy-module>
