<?xml version="1.0" encoding="UTF-8"?>
<ivy-module version="2.0" xmlns:m="http://ant.apache.org/ivy/maven">
	<info organisation="org.codehaus.sonar-plugins"
		module="sonar-ant-task"
		revision="2.2"
		status="release"
		publication="20140617032503"
	>
		<license name="GNU LGPL 3" url="http://www.gnu.org/licenses/lgpl.txt" />
		<description homepage="http://docs.codehaus.org/display/SONAR/Sonar+Ant+Task" />
		<m:properties__ant.version>1.7.0</m:properties__ant.version>
		<m:properties__sonar.version>3.0</m:properties__sonar.version>
		<m:properties__jdk.min.version>1.6</m:properties__jdk.min.version>
		<m:properties__version.sonar-dev.plugin>1.6</m:properties__version.sonar-dev.plugin>
		<m:properties__license.owner>${project.organization.name}</m:properties__license.owner>
		<m:properties__version.resources.plugin>2.6</m:properties__version.resources.plugin>
		<m:properties__version.install.plugin>2.4</m:properties__version.install.plugin>
		<m:properties__animal-sniffer.signature.groupId>org.codehaus.mojo.signature</m:properties__animal-sniffer.signature.groupId>
		<m:properties__version.assembly.plugin>2.4</m:properties__version.assembly.plugin>
		<m:properties__animal-sniffer.signature.artifactId>java16</m:properties__animal-sniffer.signature.artifactId>
		<m:properties__sonar.snapshotRepository.id>codehaus.org</m:properties__sonar.snapshotRepository.id>
		<m:properties__version.compiler.plugin>3.0</m:properties__version.compiler.plugin>
		<m:properties__version.shade.plugin>1.7.1</m:properties__version.shade.plugin>
		<m:properties__version.release.plugin>2.4.2</m:properties__version.release.plugin>
		<m:properties__version.jarjar.plugin>1.7</m:properties__version.jarjar.plugin>
		<m:properties__version.buildnumber.plugin>1.2</m:properties__version.buildnumber.plugin>
		<m:properties__maven.build.timestamp.format>yyyy-MM-dd&apos;T&apos;HH:mm:ssZ</m:properties__maven.build.timestamp.format>
		<m:properties__project.build.sourceEncoding>UTF-8</m:properties__project.build.sourceEncoding>
		<m:properties__version.deploy.plugin>2.7</m:properties__version.deploy.plugin>
		<m:properties__version.site.plugin>3.2</m:properties__version.site.plugin>
		<m:properties__maven.min.version>2.2.1</m:properties__maven.min.version>
		<m:properties__timestamp>${maven.build.timestamp}</m:properties__timestamp>
		<m:properties__version.gpg.plugin>1.4</m:properties__version.gpg.plugin>
		<m:properties__animal-sniffer.signature.version>1.1</m:properties__animal-sniffer.signature.version>
		<m:properties__version.license.plugin>1.9.0</m:properties__version.license.plugin>
		<m:properties__version.plugin.plugin>3.2</m:properties__version.plugin.plugin>
		<m:properties__license.year>${project.inceptionYear}</m:properties__license.year>
		<m:properties__version.animal-sniffer.plugin>1.9</m:properties__version.animal-sniffer.plugin>
		<m:properties__version.native2ascii.plugin>1.0-beta-1</m:properties__version.native2ascii.plugin>
		<m:properties__version.javadoc.plugin>2.9</m:properties__version.javadoc.plugin>
		<m:properties__version.dependency.plugin>2.8</m:properties__version.dependency.plugin>
		<m:properties__version.clean.plugin>2.5</m:properties__version.clean.plugin>
		<m:properties__license.title>${project.name}</m:properties__license.title>
		<m:properties__version.source.plugin>2.2.1</m:properties__version.source.plugin>
		<m:properties__license.name>GNU LGPL 3</m:properties__license.name>
		<m:properties__version.enforcer.plugin>1.2</m:properties__version.enforcer.plugin>
		<m:properties__version.sonar-packaging.plugin>1.5</m:properties__version.sonar-packaging.plugin>
		<m:properties__version.surefire.plugin>2.12.4</m:properties__version.surefire.plugin>
		<m:properties__license.mailto>dev@sonar.codehaus.org</m:properties__license.mailto>
		<m:properties__version.failsafe.plugin>2.12.4</m:properties__version.failsafe.plugin>
		<m:properties__version.jar.plugin>2.4</m:properties__version.jar.plugin>
		<m:properties__sonar.snapshotRepository.url>dav:https://dav.codehaus.org/snapshots.repository/sonar-plugins</m:properties__sonar.snapshotRepository.url>
		<m:maven.plugins>org.codehaus.mojo__buildnumber-maven-plugin__null|org.apache.maven.plugins__maven-compiler-plugin__null|org.apache.maven.plugins__maven-surefire-plugin__null|org.apache.maven.plugins__maven-enforcer-plugin__null|org.codehaus.mojo__animal-sniffer-maven-plugin__null|org.apache.maven.plugins__maven-source-plugin__null|com.mycila.maven-license-plugin__maven-license-plugin__null|org.codehaus.sonar__sonar-packaging-maven-plugin__null|org.codehaus.mojo__buildnumber-maven-plugin__null|org.apache.maven.plugins__maven-compiler-plugin__null|org.apache.maven.plugins__maven-surefire-plugin__null|org.apache.maven.plugins__maven-enforcer-plugin__null|org.codehaus.mojo__animal-sniffer-maven-plugin__null|org.apache.maven.plugins__maven-source-plugin__null|com.mycila.maven-license-plugin__maven-license-plugin__null|org.codehaus.sonar__sonar-packaging-maven-plugin__null|null__maven-shade-plugin__null</m:maven.plugins>
	</info>
	<configurations>
		<conf name="default" visibility="public" description="runtime dependencies and master artifact can be used with this conf" extends="runtime,master"/>
		<conf name="master" visibility="public" description="contains only the artifact published by this module itself, with no transitive dependencies"/>
		<conf name="compile" visibility="public" description="this is the default scope, used if none is specified. Compile dependencies are available in all classpaths."/>
		<conf name="provided" visibility="public" description="this is much like compile, but indicates you expect the JDK or a container to provide it. It is only available on the compilation classpath, and is not transitive."/>
		<conf name="runtime" visibility="public" description="this scope indicates that the dependency is not required for compilation, but is for execution. It is in the runtime and test classpaths, but not the compile classpath." extends="compile"/>
		<conf name="test" visibility="private" description="this scope indicates that the dependency is not required for normal use of the application, and is only available for the test compilation and execution phases." extends="runtime"/>
		<conf name="system" visibility="public" description="this scope is similar to provided except that you have to provide the JAR which contains it explicitly. The artifact is always available and is not looked up in a repository."/>
		<conf name="sources" visibility="public" description="this configuration contains the source artifact of this module, if any."/>
		<conf name="javadoc" visibility="public" description="this configuration contains the javadoc artifact of this module, if any."/>
		<conf name="optional" visibility="public" description="contains all optional dependencies"/>
	</configurations>
	<publications>
		<artifact name="sonar-ant-task" type="jar" ext="jar" conf="master"/>
		<artifact name="sonar-ant-task" type="source" ext="jar" conf="sources" m:classifier="sources"/>
		<artifact name="sonar-ant-task" type="javadoc" ext="jar" conf="javadoc" m:classifier="javadoc"/>
	</publications>
	<dependencies>
		<dependency org="org.apache.ant" name="ant" rev="1.7.0" force="true" conf="provided->compile(*),provided(*),runtime(*),master(*)">
			<exclude org="org.apache.ant" module="ant-launcher" name="*" type="*" ext="*" conf="" matcher="exact"/>
		</dependency>
		<dependency org="org.codehaus.sonar" name="sonar-testing-harness" rev="3.0" force="true" conf="test->runtime(*),master(*)">
			<exclude org="junit" module="junit" name="*" type="*" ext="*" conf="" matcher="exact"/>
			<exclude org="org.mockito" module="mockito-all" name="*" type="*" ext="*" conf="" matcher="exact"/>
			<exclude org="org.hamcrest" module="hamcrest-all" name="*" type="*" ext="*" conf="" matcher="exact"/>
			<exclude org="xmlunit" module="xmlunit" name="*" type="*" ext="*" conf="" matcher="exact"/>
			<exclude org="ch.qos.logback" module="logback-classic" name="*" type="*" ext="*" conf="" matcher="exact"/>
			<exclude org="org.codehaus.sonar" module="sonar-plugin-api" name="*" type="*" ext="*" conf="" matcher="exact"/>
			<exclude org="org.apache.derby" module="derby" name="*" type="*" ext="*" conf="" matcher="exact"/>
			<exclude org="org.dbunit" module="dbunit" name="*" type="*" ext="*" conf="" matcher="exact"/>
			<exclude org="org.codehaus.sonar" module="sonar-core" name="*" type="*" ext="*" conf="" matcher="exact"/>
		</dependency>
		<dependency org="org.easytesting" name="fest-assert" rev="1.4" force="true" conf="test->runtime(*),master(*)">
			<exclude org="org.easytesting" module="fest-util" name="*" type="*" ext="*" conf="" matcher="exact"/>
		</dependency>
	</dependencies>
</ivy-module>
