<?xml version="1.0" encoding="UTF-8"?>
<?xml-stylesheet type="text/xsl" href="ivy-report.xsl"?>
<ivy-report version="1.0">
	<info
		organisation="com.liferay"
		module="com.liferay.sdk.dependencies.com.liferay.whip"
		revision="working@guaige-2.local"
		conf="default"
		confs="default, internal, provided"
		date="20180925143615"/>
	<dependencies>
		<module organisation="com.liferay" name="com.liferay.whip">
			<revision name="1.0.2" status="release" pubdate="20170901161727" resolver="liferay-public" artresolver="default" homepage="" downloaded="true" searched="true" default="false" conf="default, compile, runtime, master" position="0">
				<license name="LGPL 2.1" url="http://www.gnu.org/licenses/old-licenses/lgpl-2.1.txt"/>
				<metadata-artifact status="successful" details="" size="1278" time="788" location="/Users/greg/tmp/com.liferay.portal.plugins.sdk-1.0.16/.ivy/cache/com.liferay/com.liferay.whip/ivy-1.0.2.xml" searched="true" original-local-location="/Users/greg/tmp/com.liferay.portal.plugins.sdk-1.0.16/.ivy/cache/com.liferay/com.liferay.whip/ivy-1.0.2.xml.original" origin-is-local="false" origin-location="https://cdn.lfrs.sl/repository.liferay.com/nexus/content/groups/public/com/liferay/com.liferay.whip/1.0.2/com.liferay.whip-1.0.2.pom"/>
				<caller organisation="com.liferay" name="com.liferay.sdk.dependencies.com.liferay.whip" conf="default" rev="1.0.2" rev-constraint-default="1.0.2" rev-constraint-dynamic="1.0.2" callerrev="working@guaige-2.local"/>
				<artifacts>
					<artifact name="com.liferay.whip" type="jar" ext="jar" status="successful" details="" size="43689" time="790" location="/Users/greg/tmp/com.liferay.portal.plugins.sdk-1.0.16/.ivy/cache/com.liferay/com.liferay.whip/jars/com.liferay.whip-1.0.2.jar">
						<origin-location is-local="false" location="https://cdn.lfrs.sl/repository.liferay.com/nexus/content/groups/public/com/liferay/com.liferay.whip/1.0.2/com.liferay.whip-1.0.2.jar"/>
					</artifact>
				</artifacts>
			</revision>
		</module>
		<module organisation="org.ow2.asm" name="asm-debug-all">
			<revision name="5.0.1" status="release" pubdate="20140323052114" resolver="liferay-public" artresolver="default" homepage="" downloaded="true" searched="true" default="false" conf="master(*), compile, runtime(*), runtime, compile(*), master" position="1">
				<metadata-artifact status="successful" details="" size="1983" time="774" location="/Users/greg/tmp/com.liferay.portal.plugins.sdk-1.0.16/.ivy/cache/org.ow2.asm/asm-debug-all/ivy-5.0.1.xml" searched="true" original-local-location="/Users/greg/tmp/com.liferay.portal.plugins.sdk-1.0.16/.ivy/cache/org.ow2.asm/asm-debug-all/ivy-5.0.1.xml.original" origin-is-local="false" origin-location="https://cdn.lfrs.sl/repository.liferay.com/nexus/content/groups/public/org/ow2/asm/asm-debug-all/5.0.1/asm-debug-all-5.0.1.pom"/>
				<caller organisation="com.liferay" name="com.liferay.whip" conf="default, compile, runtime, master" rev="5.0.1" rev-constraint-default="5.0.1" rev-constraint-dynamic="5.0.1" callerrev="1.0.2"/>
				<artifacts>
					<artifact name="asm-debug-all" type="jar" ext="jar" status="successful" details="" size="380292" time="1115" location="/Users/greg/tmp/com.liferay.portal.plugins.sdk-1.0.16/.ivy/cache/org.ow2.asm/asm-debug-all/jars/asm-debug-all-5.0.1.jar">
						<origin-location is-local="false" location="https://cdn.lfrs.sl/repository.liferay.com/nexus/content/groups/public/org/ow2/asm/asm-debug-all/5.0.1/asm-debug-all-5.0.1.jar"/>
					</artifact>
				</artifacts>
			</revision>
		</module>
	</dependencies>
</ivy-report>
