<?xml version="1.0" encoding="UTF-8"?>
<?xml-stylesheet type="text/xsl" href="ivy-report.xsl"?>
<ivy-report version="1.0">
	<info
		organisation="com.liferay"
		module="com.liferay.sdk.dependencies.com.liferay.jasper.jspc"
		revision="working@guaige-2.local"
		conf="default"
		confs="default, internal, provided"
		date="20180925135621"/>
	<dependencies>
		<module organisation="com.liferay" name="com.liferay.jasper.jspc">
			<revision name="1.0.4" status="release" pubdate="20150827223345" resolver="liferay-public" artresolver="default" homepage="" downloaded="true" searched="true" default="false" conf="default, compile, runtime, master" position="0">
				<license name="LGPL 2.1" url="http://www.gnu.org/licenses/old-licenses/lgpl-2.1.txt"/>
				<metadata-artifact status="successful" details="" size="1606" time="555" location="/Users/greg/tmp/com.liferay.portal.plugins.sdk-1.0.16/.ivy/cache/com.liferay/com.liferay.jasper.jspc/ivy-1.0.4.xml" searched="true" original-local-location="/Users/greg/tmp/com.liferay.portal.plugins.sdk-1.0.16/.ivy/cache/com.liferay/com.liferay.jasper.jspc/ivy-1.0.4.xml.original" origin-is-local="false" origin-location="https://cdn.lfrs.sl/repository.liferay.com/nexus/content/groups/public/com/liferay/com.liferay.jasper.jspc/1.0.4/com.liferay.jasper.jspc-1.0.4.pom"/>
				<caller organisation="com.liferay" name="com.liferay.sdk.dependencies.com.liferay.jasper.jspc" conf="default" rev="1.0.4" rev-constraint-default="1.0.4" rev-constraint-dynamic="1.0.4" callerrev="working@guaige-2.local"/>
				<artifacts>
					<artifact name="com.liferay.jasper.jspc" type="jar" ext="jar" status="successful" details="" size="4336" time="565" location="/Users/greg/tmp/com.liferay.portal.plugins.sdk-1.0.16/.ivy/cache/com.liferay/com.liferay.jasper.jspc/jars/com.liferay.jasper.jspc-1.0.4.jar">
						<origin-location is-local="false" location="https://cdn.lfrs.sl/repository.liferay.com/nexus/content/groups/public/com/liferay/com.liferay.jasper.jspc/1.0.4/com.liferay.jasper.jspc-1.0.4.jar"/>
					</artifact>
				</artifacts>
			</revision>
		</module>
		<module organisation="javax.servlet.jsp.jstl" name="jstl-api">
			<revision name="1.2" status="release" pubdate="20171117110928" resolver="local-m2" artresolver="default" homepage="http://jcp.org/en/jsr/detail?id=52" downloaded="true" searched="true" default="false" conf="master(*), compile, runtime(*), runtime, compile(*), master" position="11">
				<metadata-artifact status="successful" details="" size="4428" time="2" location="/Users/greg/tmp/com.liferay.portal.plugins.sdk-1.0.16/.ivy/cache/javax.servlet.jsp.jstl/jstl-api/ivy-1.2.xml" searched="true" original-local-location="/Users/greg/tmp/com.liferay.portal.plugins.sdk-1.0.16/.ivy/cache/javax.servlet.jsp.jstl/jstl-api/ivy-1.2.xml.original" origin-is-local="true" origin-location="file:/Users/greg/.m2/repository/javax/servlet/jsp/jstl/jstl-api/1.2/jstl-api-1.2.pom"/>
				<caller organisation="com.liferay" name="com.liferay.jasper.jspc" conf="default, compile, runtime, master" rev="1.2" rev-constraint-default="1.2" rev-constraint-dynamic="1.2" callerrev="1.0.4"/>
				<artifacts>
					<artifact name="jstl-api" type="jar" ext="jar" status="successful" details="" size="30527" time="2" location="/Users/greg/tmp/com.liferay.portal.plugins.sdk-1.0.16/.ivy/cache/javax.servlet.jsp.jstl/jstl-api/jars/jstl-api-1.2.jar">
						<origin-location is-local="true" location="file:/Users/greg/.m2/repository/javax/servlet/jsp/jstl/jstl-api/1.2/jstl-api-1.2.jar"/>
					</artifact>
				</artifacts>
			</revision>
		</module>
		<module organisation="javax.servlet.jsp" name="jsp-api">
			<revision name="2.1" status="release" pubdate="20171117110928" resolver="local-m2" artresolver="default" homepage="" downloaded="false" searched="false" default="false" conf="master(*), compile, runtime(*), runtime, compile(*), master" position="13">
				<metadata-artifact status="no" details="" size="2281" time="0" location="/Users/greg/tmp/com.liferay.portal.plugins.sdk-1.0.16/.ivy/cache/javax.servlet.jsp/jsp-api/ivy-2.1.xml" searched="false" original-local-location="/Users/greg/.m2/repository/javax/servlet/jsp/jsp-api/2.1/jsp-api-2.1.pom" origin-is-local="true" origin-location="file:/Users/greg/.m2/repository/javax/servlet/jsp/jsp-api/2.1/jsp-api-2.1.pom"/>
				<caller organisation="javax.servlet.jsp.jstl" name="jstl-api" conf="compile, runtime" rev="2.1" rev-constraint-default="2.1" rev-constraint-dynamic="2.1" callerrev="1.2"/>
				<artifacts>
					<artifact name="jsp-api" type="jar" ext="jar" status="no" details="" size="100636" time="0" location="/Users/greg/tmp/com.liferay.portal.plugins.sdk-1.0.16/.ivy/cache/javax.servlet.jsp/jsp-api/jars/jsp-api-2.1.jar">
						<origin-location is-local="true" location="file:/Users/greg/.m2/repository/javax/servlet/jsp/jsp-api/2.1/jsp-api-2.1.jar"/>
					</artifact>
				</artifacts>
			</revision>
		</module>
		<module organisation="javax.servlet" name="servlet-api">
			<revision name="2.5" status="release" pubdate="20171026154332" resolver="local-m2" artresolver="default" homepage="" downloaded="true" searched="true" default="false" conf="master(*), compile, runtime(*), runtime, compile(*), master" position="12">
				<metadata-artifact status="successful" details="" size="157" time="2" location="/Users/greg/tmp/com.liferay.portal.plugins.sdk-1.0.16/.ivy/cache/javax.servlet/servlet-api/ivy-2.5.xml" searched="true" original-local-location="/Users/greg/tmp/com.liferay.portal.plugins.sdk-1.0.16/.ivy/cache/javax.servlet/servlet-api/ivy-2.5.xml.original" origin-is-local="true" origin-location="file:/Users/greg/.m2/repository/javax/servlet/servlet-api/2.5/servlet-api-2.5.pom"/>
				<caller organisation="javax.servlet.jsp.jstl" name="jstl-api" conf="compile, runtime" rev="2.5" rev-constraint-default="2.5" rev-constraint-dynamic="2.5" callerrev="1.2"/>
				<artifacts>
					<artifact name="servlet-api" type="jar" ext="jar" status="successful" details="" size="105112" time="4" location="/Users/greg/tmp/com.liferay.portal.plugins.sdk-1.0.16/.ivy/cache/javax.servlet/servlet-api/jars/servlet-api-2.5.jar">
						<origin-location is-local="true" location="file:/Users/greg/.m2/repository/javax/servlet/servlet-api/2.5/servlet-api-2.5.jar"/>
					</artifact>
				</artifacts>
			</revision>
		</module>
		<module organisation="javax.servlet" name="jstl">
			<revision name="1.2" status="release" pubdate="20171102162313" resolver="local-m2" artresolver="default" homepage="" downloaded="true" searched="true" default="false" conf="master(*), compile, runtime(*), runtime, compile(*), master" position="10">
				<metadata-artifact status="successful" details="" size="356" time="2" location="/Users/greg/tmp/com.liferay.portal.plugins.sdk-1.0.16/.ivy/cache/javax.servlet/jstl/ivy-1.2.xml" searched="true" original-local-location="/Users/greg/tmp/com.liferay.portal.plugins.sdk-1.0.16/.ivy/cache/javax.servlet/jstl/ivy-1.2.xml.original" origin-is-local="true" origin-location="file:/Users/greg/.m2/repository/javax/servlet/jstl/1.2/jstl-1.2.pom"/>
				<caller organisation="com.liferay" name="com.liferay.jasper.jspc" conf="default, compile, runtime, master" rev="1.2" rev-constraint-default="1.2" rev-constraint-dynamic="1.2" callerrev="1.0.4"/>
				<artifacts>
					<artifact name="jstl" type="jar" ext="jar" status="successful" details="" size="414240" time="6" location="/Users/greg/tmp/com.liferay.portal.plugins.sdk-1.0.16/.ivy/cache/javax.servlet/jstl/jars/jstl-1.2.jar">
						<origin-location is-local="true" location="file:/Users/greg/.m2/repository/javax/servlet/jstl/1.2/jstl-1.2.jar"/>
					</artifact>
				</artifacts>
			</revision>
		</module>
		<module organisation="org.apache.tomcat" name="tomcat-jasper">
			<revision name="7.0.42" status="release" pubdate="20130702033138" resolver="liferay-public" artresolver="default" homepage="http://tomcat.apache.org/" downloaded="true" searched="true" default="false" conf="master(*), compile, runtime(*), runtime, compile(*), master" position="1">
				<license name="Apache License, Version 2.0" url="http://www.apache.org/licenses/LICENSE-2.0.txt"/>
				<metadata-artifact status="successful" details="" size="2849" time="594" location="/Users/greg/tmp/com.liferay.portal.plugins.sdk-1.0.16/.ivy/cache/org.apache.tomcat/tomcat-jasper/ivy-7.0.42.xml" searched="true" original-local-location="/Users/greg/tmp/com.liferay.portal.plugins.sdk-1.0.16/.ivy/cache/org.apache.tomcat/tomcat-jasper/ivy-7.0.42.xml.original" origin-is-local="false" origin-location="https://cdn.lfrs.sl/repository.liferay.com/nexus/content/groups/public/org/apache/tomcat/tomcat-jasper/7.0.42/tomcat-jasper-7.0.42.pom"/>
				<caller organisation="com.liferay" name="com.liferay.jasper.jspc" conf="default, compile, runtime, master" rev="7.0.42" rev-constraint-default="7.0.42" rev-constraint-dynamic="7.0.42" callerrev="1.0.4"/>
				<artifacts>
					<artifact name="tomcat-jasper" type="jar" ext="jar" status="successful" details="" size="599428" time="857" location="/Users/greg/tmp/com.liferay.portal.plugins.sdk-1.0.16/.ivy/cache/org.apache.tomcat/tomcat-jasper/jars/tomcat-jasper-7.0.42.jar">
						<origin-location is-local="false" location="https://cdn.lfrs.sl/repository.liferay.com/nexus/content/groups/public/org/apache/tomcat/tomcat-jasper/7.0.42/tomcat-jasper-7.0.42.jar"/>
					</artifact>
				</artifacts>
			</revision>
		</module>
		<module organisation="org.apache.tomcat" name="tomcat-util">
			<revision name="7.0.42" status="release" pubdate="20130702033220" resolver="liferay-public" artresolver="default" homepage="http://tomcat.apache.org/" downloaded="true" searched="true" default="false" conf="master(*), compile, runtime(*), runtime, compile(*), master" position="9">
				<license name="Apache License, Version 2.0" url="http://www.apache.org/licenses/LICENSE-2.0.txt"/>
				<metadata-artifact status="successful" details="" size="1752" time="564" location="/Users/greg/tmp/com.liferay.portal.plugins.sdk-1.0.16/.ivy/cache/org.apache.tomcat/tomcat-util/ivy-7.0.42.xml" searched="true" original-local-location="/Users/greg/tmp/com.liferay.portal.plugins.sdk-1.0.16/.ivy/cache/org.apache.tomcat/tomcat-util/ivy-7.0.42.xml.original" origin-is-local="false" origin-location="https://cdn.lfrs.sl/repository.liferay.com/nexus/content/groups/public/org/apache/tomcat/tomcat-util/7.0.42/tomcat-util-7.0.42.pom"/>
				<caller organisation="org.apache.tomcat" name="tomcat-jasper" conf="compile, runtime" rev="7.0.42" rev-constraint-default="7.0.42" rev-constraint-dynamic="7.0.42" callerrev="7.0.42"/>
				<artifacts>
					<artifact name="tomcat-util" type="jar" ext="jar" status="successful" details="" size="23201" time="386" location="/Users/greg/tmp/com.liferay.portal.plugins.sdk-1.0.16/.ivy/cache/org.apache.tomcat/tomcat-util/jars/tomcat-util-7.0.42.jar">
						<origin-location is-local="false" location="https://cdn.lfrs.sl/repository.liferay.com/nexus/content/groups/public/org/apache/tomcat/tomcat-util/7.0.42/tomcat-util-7.0.42.jar"/>
					</artifact>
				</artifacts>
			</revision>
		</module>
		<module organisation="org.apache.tomcat" name="tomcat-api">
			<revision name="7.0.42" status="release" pubdate="20130702033211" resolver="liferay-public" artresolver="default" homepage="http://tomcat.apache.org/" downloaded="true" searched="true" default="false" conf="master(*), compile, runtime(*), runtime, compile(*), master" position="8">
				<license name="Apache License, Version 2.0" url="http://www.apache.org/licenses/LICENSE-2.0.txt"/>
				<metadata-artifact status="successful" details="" size="1584" time="635" location="/Users/greg/tmp/com.liferay.portal.plugins.sdk-1.0.16/.ivy/cache/org.apache.tomcat/tomcat-api/ivy-7.0.42.xml" searched="true" original-local-location="/Users/greg/tmp/com.liferay.portal.plugins.sdk-1.0.16/.ivy/cache/org.apache.tomcat/tomcat-api/ivy-7.0.42.xml.original" origin-is-local="false" origin-location="https://cdn.lfrs.sl/repository.liferay.com/nexus/content/groups/public/org/apache/tomcat/tomcat-api/7.0.42/tomcat-api-7.0.42.pom"/>
				<caller organisation="org.apache.tomcat" name="tomcat-util" conf="compile, runtime" rev="7.0.42" rev-constraint-default="7.0.42" rev-constraint-dynamic="7.0.42" callerrev="7.0.42"/>
				<caller organisation="org.apache.tomcat" name="tomcat-jasper" conf="compile, runtime" rev="7.0.42" rev-constraint-default="7.0.42" rev-constraint-dynamic="7.0.42" callerrev="7.0.42"/>
				<artifacts>
					<artifact name="tomcat-api" type="jar" ext="jar" status="successful" details="" size="6873" time="380" location="/Users/greg/tmp/com.liferay.portal.plugins.sdk-1.0.16/.ivy/cache/org.apache.tomcat/tomcat-api/jars/tomcat-api-7.0.42.jar">
						<origin-location is-local="false" location="https://cdn.lfrs.sl/repository.liferay.com/nexus/content/groups/public/org/apache/tomcat/tomcat-api/7.0.42/tomcat-api-7.0.42.jar"/>
					</artifact>
				</artifacts>
			</revision>
		</module>
		<module organisation="org.apache.tomcat" name="tomcat-jasper-el">
			<revision name="7.0.42" status="release" pubdate="20130702033147" resolver="liferay-public" artresolver="default" homepage="http://tomcat.apache.org/" downloaded="true" searched="true" default="false" conf="master(*), compile, runtime(*), runtime, compile(*), master" position="7">
				<license name="Apache License, Version 2.0" url="http://www.apache.org/licenses/LICENSE-2.0.txt"/>
				<metadata-artifact status="successful" details="" size="1564" time="560" location="/Users/greg/tmp/com.liferay.portal.plugins.sdk-1.0.16/.ivy/cache/org.apache.tomcat/tomcat-jasper-el/ivy-7.0.42.xml" searched="true" original-local-location="/Users/greg/tmp/com.liferay.portal.plugins.sdk-1.0.16/.ivy/cache/org.apache.tomcat/tomcat-jasper-el/ivy-7.0.42.xml.original" origin-is-local="false" origin-location="https://cdn.lfrs.sl/repository.liferay.com/nexus/content/groups/public/org/apache/tomcat/tomcat-jasper-el/7.0.42/tomcat-jasper-el-7.0.42.pom"/>
				<caller organisation="org.apache.tomcat" name="tomcat-jasper" conf="compile, runtime" rev="7.0.42" rev-constraint-default="7.0.42" rev-constraint-dynamic="7.0.42" callerrev="7.0.42"/>
				<artifacts>
					<artifact name="tomcat-jasper-el" type="jar" ext="jar" status="successful" details="" size="123241" time="433" location="/Users/greg/tmp/com.liferay.portal.plugins.sdk-1.0.16/.ivy/cache/org.apache.tomcat/tomcat-jasper-el/jars/tomcat-jasper-el-7.0.42.jar">
						<origin-location is-local="false" location="https://cdn.lfrs.sl/repository.liferay.com/nexus/content/groups/public/org/apache/tomcat/tomcat-jasper-el/7.0.42/tomcat-jasper-el-7.0.42.jar"/>
					</artifact>
				</artifacts>
			</revision>
		</module>
		<module organisation="org.eclipse.jdt.core.compiler" name="ecj">
			<revision name="4.2.2" status="release" pubdate="20130330041615" resolver="liferay-public" artresolver="default" homepage="http://www.eclipse.org/jdt/" downloaded="true" searched="true" default="false" conf="master(*), compile, runtime(*), runtime, compile(*), master" position="6">
				<license name="Eclipse Public License v1.0" url="http://www.eclipse.org/org/documents/epl-v10.php"/>
				<metadata-artifact status="successful" details="" size="1514" time="559" location="/Users/greg/tmp/com.liferay.portal.plugins.sdk-1.0.16/.ivy/cache/org.eclipse.jdt.core.compiler/ecj/ivy-4.2.2.xml" searched="true" original-local-location="/Users/greg/tmp/com.liferay.portal.plugins.sdk-1.0.16/.ivy/cache/org.eclipse.jdt.core.compiler/ecj/ivy-4.2.2.xml.original" origin-is-local="false" origin-location="https://cdn.lfrs.sl/repository.liferay.com/nexus/content/groups/public/org/eclipse/jdt/core/compiler/ecj/4.2.2/ecj-4.2.2.pom"/>
				<caller organisation="org.apache.tomcat" name="tomcat-jasper" conf="compile, runtime" rev="4.2.2" rev-constraint-default="4.2.2" rev-constraint-dynamic="4.2.2" callerrev="7.0.42"/>
				<artifacts>
					<artifact name="ecj" type="jar" ext="jar" status="successful" details="" size="1801636" time="1109" location="/Users/greg/tmp/com.liferay.portal.plugins.sdk-1.0.16/.ivy/cache/org.eclipse.jdt.core.compiler/ecj/jars/ecj-4.2.2.jar">
						<origin-location is-local="false" location="https://cdn.lfrs.sl/repository.liferay.com/nexus/content/groups/public/org/eclipse/jdt/core/compiler/ecj/4.2.2/ecj-4.2.2.jar"/>
					</artifact>
				</artifacts>
			</revision>
		</module>
		<module organisation="org.apache.tomcat" name="tomcat-jsp-api">
			<revision name="7.0.42" status="release" pubdate="20130702033156" resolver="liferay-public" artresolver="default" homepage="http://tomcat.apache.org/" downloaded="true" searched="true" default="false" conf="master(*), compile, runtime(*), runtime, compile(*), master" position="4">
				<license name="
        Apache License, Version 2.0 and
        Common Development And Distribution License (CDDL) Version 1.0
      " url="
        http://www.apache.org/licenses/LICENSE-2.0.txt and
        http://www.opensource.org/licenses/cddl1.txt
      "/>
				<metadata-artifact status="successful" details="" size="2075" time="558" location="/Users/greg/tmp/com.liferay.portal.plugins.sdk-1.0.16/.ivy/cache/org.apache.tomcat/tomcat-jsp-api/ivy-7.0.42.xml" searched="true" original-local-location="/Users/greg/tmp/com.liferay.portal.plugins.sdk-1.0.16/.ivy/cache/org.apache.tomcat/tomcat-jsp-api/ivy-7.0.42.xml.original" origin-is-local="false" origin-location="https://cdn.lfrs.sl/repository.liferay.com/nexus/content/groups/public/org/apache/tomcat/tomcat-jsp-api/7.0.42/tomcat-jsp-api-7.0.42.pom"/>
				<caller organisation="org.apache.tomcat" name="tomcat-jasper" conf="compile, runtime" rev="7.0.42" rev-constraint-default="7.0.42" rev-constraint-dynamic="7.0.42" callerrev="7.0.42"/>
				<artifacts>
					<artifact name="tomcat-jsp-api" type="jar" ext="jar" status="successful" details="" size="88690" time="445" location="/Users/greg/tmp/com.liferay.portal.plugins.sdk-1.0.16/.ivy/cache/org.apache.tomcat/tomcat-jsp-api/jars/tomcat-jsp-api-7.0.42.jar">
						<origin-location is-local="false" location="https://cdn.lfrs.sl/repository.liferay.com/nexus/content/groups/public/org/apache/tomcat/tomcat-jsp-api/7.0.42/tomcat-jsp-api-7.0.42.jar"/>
					</artifact>
				</artifacts>
			</revision>
		</module>
		<module organisation="org.apache.tomcat" name="tomcat-el-api">
			<revision name="7.0.42" status="release" pubdate="20130702033127" resolver="liferay-public" artresolver="default" homepage="http://tomcat.apache.org/" downloaded="true" searched="true" default="false" conf="master(*), compile, runtime(*), runtime, compile(*), master" position="5">
				<license name="Apache License, Version 2.0" url="http://www.apache.org/licenses/LICENSE-2.0.txt"/>
				<metadata-artifact status="successful" details="" size="1328" time="568" location="/Users/greg/tmp/com.liferay.portal.plugins.sdk-1.0.16/.ivy/cache/org.apache.tomcat/tomcat-el-api/ivy-7.0.42.xml" searched="true" original-local-location="/Users/greg/tmp/com.liferay.portal.plugins.sdk-1.0.16/.ivy/cache/org.apache.tomcat/tomcat-el-api/ivy-7.0.42.xml.original" origin-is-local="false" origin-location="https://cdn.lfrs.sl/repository.liferay.com/nexus/content/groups/public/org/apache/tomcat/tomcat-el-api/7.0.42/tomcat-el-api-7.0.42.pom"/>
				<caller organisation="org.apache.tomcat" name="tomcat-jasper-el" conf="compile, runtime" rev="7.0.42" rev-constraint-default="7.0.42" rev-constraint-dynamic="7.0.42" callerrev="7.0.42"/>
				<caller organisation="org.apache.tomcat" name="tomcat-jasper" conf="compile, runtime" rev="7.0.42" rev-constraint-default="7.0.42" rev-constraint-dynamic="7.0.42" callerrev="7.0.42"/>
				<caller organisation="org.apache.tomcat" name="tomcat-jsp-api" conf="compile, runtime" rev="7.0.42" rev-constraint-default="7.0.42" rev-constraint-dynamic="7.0.42" callerrev="7.0.42"/>
				<artifacts>
					<artifact name="tomcat-el-api" type="jar" ext="jar" status="successful" details="" size="46085" time="397" location="/Users/greg/tmp/com.liferay.portal.plugins.sdk-1.0.16/.ivy/cache/org.apache.tomcat/tomcat-el-api/jars/tomcat-el-api-7.0.42.jar">
						<origin-location is-local="false" location="https://cdn.lfrs.sl/repository.liferay.com/nexus/content/groups/public/org/apache/tomcat/tomcat-el-api/7.0.42/tomcat-el-api-7.0.42.jar"/>
					</artifact>
				</artifacts>
			</revision>
		</module>
		<module organisation="org.apache.tomcat" name="tomcat-juli">
			<revision name="7.0.42" status="release" pubdate="20130702033023" resolver="liferay-public" artresolver="default" homepage="http://tomcat.apache.org/" downloaded="true" searched="true" default="false" conf="master(*), compile, runtime(*), runtime, compile(*), master" position="3">
				<license name="Apache License, Version 2.0" url="http://www.apache.org/licenses/LICENSE-2.0.txt"/>
				<metadata-artifact status="successful" details="" size="1326" time="558" location="/Users/greg/tmp/com.liferay.portal.plugins.sdk-1.0.16/.ivy/cache/org.apache.tomcat/tomcat-juli/ivy-7.0.42.xml" searched="true" original-local-location="/Users/greg/tmp/com.liferay.portal.plugins.sdk-1.0.16/.ivy/cache/org.apache.tomcat/tomcat-juli/ivy-7.0.42.xml.original" origin-is-local="false" origin-location="https://cdn.lfrs.sl/repository.liferay.com/nexus/content/groups/public/org/apache/tomcat/tomcat-juli/7.0.42/tomcat-juli-7.0.42.pom"/>
				<caller organisation="org.apache.tomcat" name="tomcat-util" conf="compile, runtime" rev="7.0.42" rev-constraint-default="7.0.42" rev-constraint-dynamic="7.0.42" callerrev="7.0.42"/>
				<caller organisation="org.apache.tomcat" name="tomcat-jasper" conf="compile, runtime" rev="7.0.42" rev-constraint-default="7.0.42" rev-constraint-dynamic="7.0.42" callerrev="7.0.42"/>
				<artifacts>
					<artifact name="tomcat-juli" type="jar" ext="jar" status="successful" details="" size="38333" time="435" location="/Users/greg/tmp/com.liferay.portal.plugins.sdk-1.0.16/.ivy/cache/org.apache.tomcat/tomcat-juli/jars/tomcat-juli-7.0.42.jar">
						<origin-location is-local="false" location="https://cdn.lfrs.sl/repository.liferay.com/nexus/content/groups/public/org/apache/tomcat/tomcat-juli/7.0.42/tomcat-juli-7.0.42.jar"/>
					</artifact>
				</artifacts>
			</revision>
		</module>
		<module organisation="org.apache.tomcat" name="tomcat-servlet-api">
			<revision name="7.0.42" status="release" pubdate="20130702033203" resolver="liferay-public" artresolver="default" homepage="http://tomcat.apache.org/" downloaded="true" searched="true" default="false" conf="master(*), compile, runtime(*), runtime, compile(*), master" position="2">
				<license name="
        Apache License, Version 2.0 and
        Common Development And Distribution License (CDDL) Version 1.0
      " url="
        http://www.apache.org/licenses/LICENSE-2.0.txt and
        http://www.opensource.org/licenses/cddl1.txt
      "/>
				<metadata-artifact status="successful" details="" size="1907" time="558" location="/Users/greg/tmp/com.liferay.portal.plugins.sdk-1.0.16/.ivy/cache/org.apache.tomcat/tomcat-servlet-api/ivy-7.0.42.xml" searched="true" original-local-location="/Users/greg/tmp/com.liferay.portal.plugins.sdk-1.0.16/.ivy/cache/org.apache.tomcat/tomcat-servlet-api/ivy-7.0.42.xml.original" origin-is-local="false" origin-location="https://cdn.lfrs.sl/repository.liferay.com/nexus/content/groups/public/org/apache/tomcat/tomcat-servlet-api/7.0.42/tomcat-servlet-api-7.0.42.pom"/>
				<caller organisation="org.apache.tomcat" name="tomcat-api" conf="compile, runtime" rev="7.0.42" rev-constraint-default="7.0.42" rev-constraint-dynamic="7.0.42" callerrev="7.0.42"/>
				<caller organisation="org.apache.tomcat" name="tomcat-jasper" conf="compile, runtime" rev="7.0.42" rev-constraint-default="7.0.42" rev-constraint-dynamic="7.0.42" callerrev="7.0.42"/>
				<caller organisation="org.apache.tomcat" name="tomcat-jsp-api" conf="compile, runtime" rev="7.0.42" rev-constraint-default="7.0.42" rev-constraint-dynamic="7.0.42" callerrev="7.0.42"/>
				<artifacts>
					<artifact name="tomcat-servlet-api" type="jar" ext="jar" status="successful" details="" size="177598" time="654" location="/Users/greg/tmp/com.liferay.portal.plugins.sdk-1.0.16/.ivy/cache/org.apache.tomcat/tomcat-servlet-api/jars/tomcat-servlet-api-7.0.42.jar">
						<origin-location is-local="false" location="https://cdn.lfrs.sl/repository.liferay.com/nexus/content/groups/public/org/apache/tomcat/tomcat-servlet-api/7.0.42/tomcat-servlet-api-7.0.42.jar"/>
					</artifact>
				</artifacts>
			</revision>
		</module>
	</dependencies>
</ivy-report>
