<?xml version="1.0" encoding="UTF-8"?>
<?xml-stylesheet type="text/xsl" href="ivy-report.xsl"?>
<ivy-report version="1.0">
	<info
		organisation="com.liferay"
		module="com.liferay.sdk.dependencies.com.liferay.alloy.taglib"
		revision="working@guaige-2.local"
		conf="default"
		confs="default, internal, provided"
		date="20180925135100"/>
	<dependencies>
		<module organisation="com.liferay.alloy-taglibs" name="alloy-taglib">
			<revision name="1.1.10" status="release" pubdate="20170210125600" resolver="liferay-public" artresolver="default" homepage="" downloaded="true" searched="true" default="false" conf="default, compile, runtime, master" position="0">
				<metadata-artifact status="successful" details="" size="474" time="597" location="/Users/greg/tmp/com.liferay.portal.plugins.sdk-1.0.16/.ivy/cache/com.liferay.alloy-taglibs/alloy-taglib/ivy-1.1.10.xml" searched="true" original-local-location="/Users/greg/tmp/com.liferay.portal.plugins.sdk-1.0.16/.ivy/cache/com.liferay.alloy-taglibs/alloy-taglib/ivy-1.1.10.xml.original" origin-is-local="false" origin-location="https://cdn.lfrs.sl/repository.liferay.com/nexus/content/groups/public/com/liferay/alloy-taglibs/alloy-taglib/1.1.10/alloy-taglib-1.1.10.pom"/>
				<caller organisation="com.liferay" name="com.liferay.sdk.dependencies.com.liferay.alloy.taglib" conf="default" rev="1.1.10" rev-constraint-default="1.1.10" rev-constraint-dynamic="1.1.10" callerrev="working@guaige-2.local"/>
				<artifacts>
					<artifact name="alloy-taglib" type="jar" ext="jar" status="successful" details="" size="443110" time="1968" location="/Users/greg/tmp/com.liferay.portal.plugins.sdk-1.0.16/.ivy/cache/com.liferay.alloy-taglibs/alloy-taglib/jars/alloy-taglib-1.1.10.jar">
						<origin-location is-local="false" location="https://cdn.lfrs.sl/repository.liferay.com/nexus/content/groups/public/com/liferay/alloy-taglibs/alloy-taglib/1.1.10/alloy-taglib-1.1.10.jar"/>
					</artifact>
				</artifacts>
			</revision>
		</module>
	</dependencies>
</ivy-report>
