<?xml version="1.0" encoding="UTF-8"?>
<?xml-stylesheet type="text/xsl" href="ivy-report.xsl"?>
<ivy-report version="1.0">
	<info
		organisation="com.liferay"
		module="com.liferay.sdk.dependencies.com.liferay.source.formatter"
		revision="working@guaige-2.local"
		conf="default"
		confs="default, internal, provided"
		date="20180925140151"/>
	<dependencies>
		<module organisation="com.liferay" name="com.liferay.source.formatter">
			<revision name="1.0.376" status="release" pubdate="20170330230810" resolver="liferay-public" artresolver="default" homepage="" downloaded="true" searched="true" default="false" conf="default, compile, runtime, master" position="0">
				<license name="LGPL 2.1" url="http://www.gnu.org/licenses/old-licenses/lgpl-2.1.txt"/>
				<metadata-artifact status="successful" details="" size="3954" time="552" location="/Users/greg/tmp/com.liferay.portal.plugins.sdk-1.0.16/.ivy/cache/com.liferay/com.liferay.source.formatter/ivy-1.0.376.xml" searched="true" original-local-location="/Users/greg/tmp/com.liferay.portal.plugins.sdk-1.0.16/.ivy/cache/com.liferay/com.liferay.source.formatter/ivy-1.0.376.xml.original" origin-is-local="false" origin-location="https://cdn.lfrs.sl/repository.liferay.com/nexus/content/groups/public/com/liferay/com.liferay.source.formatter/1.0.376/com.liferay.source.formatter-1.0.376.pom"/>
				<caller organisation="com.liferay" name="com.liferay.sdk.dependencies.com.liferay.source.formatter" conf="default" rev="1.0.376" rev-constraint-default="1.0.376" rev-constraint-dynamic="1.0.376" callerrev="working@guaige-2.local"/>
				<artifacts>
					<artifact name="com.liferay.source.formatter" type="jar" ext="jar" status="successful" details="" size="719811" time="1271" location="/Users/greg/tmp/com.liferay.portal.plugins.sdk-1.0.16/.ivy/cache/com.liferay/com.liferay.source.formatter/jars/com.liferay.source.formatter-1.0.376.jar">
						<origin-location is-local="false" location="https://cdn.lfrs.sl/repository.liferay.com/nexus/content/groups/public/com/liferay/com.liferay.source.formatter/1.0.376/com.liferay.source.formatter-1.0.376.jar"/>
					</artifact>
				</artifacts>
			</revision>
		</module>
		<module organisation="xerces" name="xercesImpl">
			<revision name="2.11.0" status="release" pubdate="20171215090002" resolver="local-m2" artresolver="default" homepage="https://xerces.apache.org/xerces2-j/" downloaded="true" searched="true" default="false" conf="master(*), compile, runtime(*), runtime, compile(*), master" position="25">
				<license name="The Apache Software License, Version 2.0" url="http://www.apache.org/licenses/LICENSE-2.0.txt"/>
				<metadata-artifact status="successful" details="" size="3392" time="2" location="/Users/greg/tmp/com.liferay.portal.plugins.sdk-1.0.16/.ivy/cache/xerces/xercesImpl/ivy-2.11.0.xml" searched="true" original-local-location="/Users/greg/tmp/com.liferay.portal.plugins.sdk-1.0.16/.ivy/cache/xerces/xercesImpl/ivy-2.11.0.xml.original" origin-is-local="true" origin-location="file:/Users/greg/.m2/repository/xerces/xercesImpl/2.11.0/xercesImpl-2.11.0.pom"/>
				<caller organisation="jaxen" name="jaxen" conf="compile, runtime" rev="2.6.2" rev-constraint-default="2.6.2" rev-constraint-dynamic="2.6.2" callerrev="1.1.1"/>
				<caller organisation="com.liferay" name="com.liferay.source.formatter" conf="default, compile, runtime, master" rev="2.11.0" rev-constraint-default="2.11.0" rev-constraint-dynamic="2.11.0" callerrev="1.0.376"/>
				<caller organisation="xom" name="xom" conf="compile, runtime" rev="2.6.2" rev-constraint-default="2.6.2" rev-constraint-dynamic="2.6.2" callerrev="1.0"/>
				<artifacts>
					<artifact name="xercesImpl" type="jar" ext="jar" status="successful" details="" size="1367760" time="11" location="/Users/greg/tmp/com.liferay.portal.plugins.sdk-1.0.16/.ivy/cache/xerces/xercesImpl/jars/xercesImpl-2.11.0.jar">
						<origin-location is-local="true" location="file:/Users/greg/.m2/repository/xerces/xercesImpl/2.11.0/xercesImpl-2.11.0.jar"/>
					</artifact>
				</artifacts>
			</revision>
			<revision name="2.6.2" evicted="latest-revision" evicted-reason="" downloaded="false" searched="false" conf="master(*), runtime(*), compile(*)" position="-1">
				<evicted-by rev="2.11.0"/>
				<caller organisation="jaxen" name="jaxen" conf="compile, runtime" rev="2.6.2" rev-constraint-default="2.6.2" rev-constraint-dynamic="2.6.2" callerrev="1.1.1"/>
				<caller organisation="xom" name="xom" conf="compile, runtime" rev="2.6.2" rev-constraint-default="2.6.2" rev-constraint-dynamic="2.6.2" callerrev="1.0"/>
				<artifacts>
				</artifacts>
			</revision>
		</module>
		<module organisation="xml-apis" name="xml-apis">
			<revision name="1.4.01" status="release" pubdate="20171215090002" resolver="local-m2" artresolver="default" homepage="http://xml.apache.org/commons/components/external/" downloaded="false" searched="false" default="false" conf="master(*), compile, runtime(*), runtime, compile(*), master" position="26">
				<license name="The Apache Software License, Version 2.0" url="http://www.apache.org/licenses/LICENSE-2.0.txt"/>
				<license name="The SAX License" url="http://www.saxproject.org/copying.html"/>
				<license name="The W3C License" url="http://www.w3.org/TR/2004/REC-DOM-Level-3-Core-20040407/java-binding.zip"/>
				<metadata-artifact status="no" details="" size="3317" time="0" location="/Users/greg/tmp/com.liferay.portal.plugins.sdk-1.0.16/.ivy/cache/xml-apis/xml-apis/ivy-1.4.01.xml" searched="false" original-local-location="/Users/greg/.m2/repository/xml-apis/xml-apis/1.4.01/xml-apis-1.4.01.pom" origin-is-local="true" origin-location="file:/Users/greg/.m2/repository/xml-apis/xml-apis/1.4.01/xml-apis-1.4.01.pom"/>
				<caller organisation="jaxen" name="jaxen" conf="compile, runtime" rev="1.3.02" rev-constraint-default="1.3.02" rev-constraint-dynamic="1.3.02" callerrev="1.1.1"/>
				<caller organisation="xalan" name="xalan" conf="compile, runtime" rev="2.0.2" rev-constraint-default="2.0.2" rev-constraint-dynamic="2.0.2" callerrev="2.6.0"/>
				<caller organisation="xerces" name="xercesImpl" conf="compile, runtime" rev="1.4.01" rev-constraint-default="1.4.01" rev-constraint-dynamic="1.4.01" callerrev="2.11.0"/>
				<caller organisation="dom4j" name="dom4j" conf="compile, runtime" rev="1.0.b2" rev-constraint-default="1.0.b2" rev-constraint-dynamic="1.0.b2" callerrev="1.6.1"/>
				<artifacts>
					<artifact name="xml-apis" type="jar" ext="jar" status="no" details="" size="220536" time="0" location="/Users/greg/tmp/com.liferay.portal.plugins.sdk-1.0.16/.ivy/cache/xml-apis/xml-apis/jars/xml-apis-1.4.01.jar">
						<origin-location is-local="true" location="file:/Users/greg/.m2/repository/xml-apis/xml-apis/1.4.01/xml-apis-1.4.01.jar"/>
					</artifact>
				</artifacts>
			</revision>
			<revision name="1.3.02" status="release" pubdate="20171117110930" resolver="local-m2" artresolver="default" evicted="latest-revision" evicted-reason="" homepage="http://xml.apache.org/commons/#external" downloaded="true" searched="true" default="false" conf="master(*), compile, runtime(*), runtime, compile(*), master" position="-1">
				<metadata-artifact status="successful" details="" size="357" time="2" location="/Users/greg/tmp/com.liferay.portal.plugins.sdk-1.0.16/.ivy/cache/xml-apis/xml-apis/ivy-1.3.02.xml" searched="true" original-local-location="/Users/greg/tmp/com.liferay.portal.plugins.sdk-1.0.16/.ivy/cache/xml-apis/xml-apis/ivy-1.3.02.xml.original" origin-is-local="true" origin-location="file:/Users/greg/.m2/repository/xml-apis/xml-apis/1.3.02/xml-apis-1.3.02.pom"/>
				<evicted-by rev="1.4.01"/>
				<caller organisation="jaxen" name="jaxen" conf="compile, runtime" rev="1.3.02" rev-constraint-default="1.3.02" rev-constraint-dynamic="1.3.02" callerrev="1.1.1"/>
				<caller organisation="xalan" name="xalan" conf="compile, runtime" rev="2.0.2" rev-constraint-default="2.0.2" rev-constraint-dynamic="2.0.2" callerrev="2.6.0"/>
				<caller organisation="dom4j" name="dom4j" conf="compile, runtime" rev="1.0.b2" rev-constraint-default="1.0.b2" rev-constraint-dynamic="1.0.b2" callerrev="1.6.1"/>
				<artifacts>
				</artifacts>
			</revision>
			<revision name="1.0.b2" status="release" pubdate="20171026160612" resolver="local-m2" artresolver="default" evicted="latest-revision" evicted-reason="" homepage="http://xml.apache.org/commons/#external" downloaded="false" searched="false" default="false" conf="master(*), compile, runtime(*), runtime, compile(*), master" position="-1">
				<license name="The Apache Software License, Version 2.0" url="http://www.apache.org/licenses/LICENSE-2.0.txt"/>
				<metadata-artifact status="no" details="" size="3015" time="0" location="/Users/greg/tmp/com.liferay.portal.plugins.sdk-1.0.16/.ivy/cache/xml-apis/xml-apis/ivy-1.0.b2.xml" searched="false" original-local-location="/Users/greg/.m2/repository/xml-apis/xml-apis/1.0.b2/xml-apis-1.0.b2.pom" origin-is-local="true" origin-location="file:/Users/greg/.m2/repository/xml-apis/xml-apis/1.0.b2/xml-apis-1.0.b2.pom"/>
				<evicted-by rev="1.3.02"/>
				<caller organisation="dom4j" name="dom4j" conf="compile, runtime" rev="1.0.b2" rev-constraint-default="1.0.b2" rev-constraint-dynamic="1.0.b2" callerrev="1.6.1"/>
				<artifacts>
				</artifacts>
			</revision>
			<revision name="2.0.2" evicted="latest-revision" evicted-reason="" downloaded="false" searched="false" conf="master(*), compile, runtime(*), runtime, compile(*), master" position="-1">
				<evicted-by rev="1.3.02"/>
				<caller organisation="xalan" name="xalan" conf="compile, runtime" rev="2.0.2" rev-constraint-default="2.0.2" rev-constraint-dynamic="2.0.2" callerrev="2.6.0"/>
				<artifacts>
				</artifacts>
			</revision>
		</module>
		<module organisation="org.apache.maven" name="maven-artifact">
			<revision name="3.3.9" status="release" pubdate="20171026160635" resolver="local-m2" artresolver="default" homepage="" downloaded="true" searched="true" default="false" conf="master(*), compile, runtime(*), runtime, compile(*), master" position="22">
				<metadata-artifact status="successful" details="" size="2134" time="2" location="/Users/greg/tmp/com.liferay.portal.plugins.sdk-1.0.16/.ivy/cache/org.apache.maven/maven-artifact/ivy-3.3.9.xml" searched="true" original-local-location="/Users/greg/tmp/com.liferay.portal.plugins.sdk-1.0.16/.ivy/cache/org.apache.maven/maven-artifact/ivy-3.3.9.xml.original" origin-is-local="true" origin-location="file:/Users/greg/.m2/repository/org/apache/maven/maven-artifact/3.3.9/maven-artifact-3.3.9.pom"/>
				<caller organisation="com.liferay" name="com.liferay.source.formatter" conf="default, compile, runtime, master" rev="3.3.9" rev-constraint-default="3.3.9" rev-constraint-dynamic="3.3.9" callerrev="1.0.376"/>
				<artifacts>
					<artifact name="maven-artifact" type="jar" ext="jar" status="successful" details="" size="55018" time="2" location="/Users/greg/tmp/com.liferay.portal.plugins.sdk-1.0.16/.ivy/cache/org.apache.maven/maven-artifact/jars/maven-artifact-3.3.9.jar">
						<origin-location is-local="true" location="file:/Users/greg/.m2/repository/org/apache/maven/maven-artifact/3.3.9/maven-artifact-3.3.9.jar"/>
					</artifact>
				</artifacts>
			</revision>
		</module>
		<module organisation="org.apache.commons" name="commons-lang3">
			<revision name="3.4" status="release" pubdate="20171026160634" resolver="local-m2" artresolver="default" homepage="http://commons.apache.org/proper/commons-lang/" downloaded="true" searched="true" default="false" conf="master(*), compile, runtime(*), runtime, compile(*), master" position="24">
				<metadata-artifact status="successful" details="" size="22183" time="3" location="/Users/greg/tmp/com.liferay.portal.plugins.sdk-1.0.16/.ivy/cache/org.apache.commons/commons-lang3/ivy-3.4.xml" searched="true" original-local-location="/Users/greg/tmp/com.liferay.portal.plugins.sdk-1.0.16/.ivy/cache/org.apache.commons/commons-lang3/ivy-3.4.xml.original" origin-is-local="true" origin-location="file:/Users/greg/.m2/repository/org/apache/commons/commons-lang3/3.4/commons-lang3-3.4.pom"/>
				<caller organisation="org.apache.maven" name="maven-artifact" conf="compile, runtime" rev="3.4" rev-constraint-default="3.4" rev-constraint-dynamic="3.4" callerrev="3.3.9"/>
				<artifacts>
					<artifact name="commons-lang3" type="jar" ext="jar" status="successful" details="" size="434678" time="3" location="/Users/greg/tmp/com.liferay.portal.plugins.sdk-1.0.16/.ivy/cache/org.apache.commons/commons-lang3/jars/commons-lang3-3.4.jar">
						<origin-location is-local="true" location="file:/Users/greg/.m2/repository/org/apache/commons/commons-lang3/3.4/commons-lang3-3.4.jar"/>
					</artifact>
				</artifacts>
			</revision>
		</module>
		<module organisation="org.codehaus.plexus" name="plexus-utils">
			<revision name="3.0.22" status="release" pubdate="20171026154305" resolver="local-m2" artresolver="default" homepage="http://plexus.codehaus.org/plexus-utils" downloaded="true" searched="true" default="false" conf="master(*), compile, runtime(*), runtime, compile(*), master" position="23">
				<metadata-artifact status="successful" details="" size="3831" time="2" location="/Users/greg/tmp/com.liferay.portal.plugins.sdk-1.0.16/.ivy/cache/org.codehaus.plexus/plexus-utils/ivy-3.0.22.xml" searched="true" original-local-location="/Users/greg/tmp/com.liferay.portal.plugins.sdk-1.0.16/.ivy/cache/org.codehaus.plexus/plexus-utils/ivy-3.0.22.xml.original" origin-is-local="true" origin-location="file:/Users/greg/.m2/repository/org/codehaus/plexus/plexus-utils/3.0.22/plexus-utils-3.0.22.pom"/>
				<caller organisation="org.apache.maven" name="maven-artifact" conf="compile, runtime" rev="3.0.22" rev-constraint-default="3.0.22" rev-constraint-dynamic="3.0.22" callerrev="3.3.9"/>
				<artifacts>
					<artifact name="plexus-utils" type="jar" ext="jar" status="successful" details="" size="244897" time="6" location="/Users/greg/tmp/com.liferay.portal.plugins.sdk-1.0.16/.ivy/cache/org.codehaus.plexus/plexus-utils/jars/plexus-utils-3.0.22.jar">
						<origin-location is-local="true" location="file:/Users/greg/.m2/repository/org/codehaus/plexus/plexus-utils/3.0.22/plexus-utils-3.0.22.jar"/>
					</artifact>
				</artifacts>
			</revision>
		</module>
		<module organisation="org.apache.ant" name="ant">
			<revision name="1.9.4" status="release" pubdate="20171026154249" resolver="local-m2" artresolver="default" homepage="http://ant.apache.org/" downloaded="false" searched="false" default="false" conf="master(*), compile, runtime(*), runtime, compile(*), master" position="20">
				<metadata-artifact status="no" details="" size="3133" time="0" location="/Users/greg/tmp/com.liferay.portal.plugins.sdk-1.0.16/.ivy/cache/org.apache.ant/ant/ivy-1.9.4.xml" searched="false" original-local-location="/Users/greg/.m2/repository/org/apache/ant/ant/1.9.4/ant-1.9.4.pom" origin-is-local="true" origin-location="file:/Users/greg/.m2/repository/org/apache/ant/ant/1.9.4/ant-1.9.4.pom"/>
				<caller organisation="com.liferay" name="com.liferay.source.formatter" conf="default, compile, runtime, master" rev="1.9.4" rev-constraint-default="1.9.4" rev-constraint-dynamic="1.9.4" callerrev="1.0.376"/>
				<artifacts>
					<artifact name="ant" type="jar" ext="jar" status="no" details="" size="2019274" time="0" location="/Users/greg/tmp/com.liferay.portal.plugins.sdk-1.0.16/.ivy/cache/org.apache.ant/ant/jars/ant-1.9.4.jar">
						<origin-location is-local="true" location="file:/Users/greg/.m2/repository/org/apache/ant/ant/1.9.4/ant-1.9.4.jar"/>
					</artifact>
				</artifacts>
			</revision>
		</module>
		<module organisation="org.apache.ant" name="ant-launcher">
			<revision name="1.9.4" status="release" pubdate="20171026154249" resolver="local-m2" artresolver="default" homepage="http://ant.apache.org/" downloaded="false" searched="false" default="false" conf="master(*), compile, runtime(*), runtime, compile(*), master" position="21">
				<metadata-artifact status="no" details="" size="2638" time="0" location="/Users/greg/tmp/com.liferay.portal.plugins.sdk-1.0.16/.ivy/cache/org.apache.ant/ant-launcher/ivy-1.9.4.xml" searched="false" original-local-location="/Users/greg/.m2/repository/org/apache/ant/ant-launcher/1.9.4/ant-launcher-1.9.4.pom" origin-is-local="true" origin-location="file:/Users/greg/.m2/repository/org/apache/ant/ant-launcher/1.9.4/ant-launcher-1.9.4.pom"/>
				<caller organisation="org.apache.ant" name="ant" conf="compile, runtime" rev="1.9.4" rev-constraint-default="1.9.4" rev-constraint-dynamic="1.9.4" callerrev="1.9.4"/>
				<artifacts>
					<artifact name="ant-launcher" type="jar" ext="jar" status="no" details="" size="18381" time="0" location="/Users/greg/tmp/com.liferay.portal.plugins.sdk-1.0.16/.ivy/cache/org.apache.ant/ant-launcher/jars/ant-launcher-1.9.4.jar">
						<origin-location is-local="true" location="file:/Users/greg/.m2/repository/org/apache/ant/ant-launcher/1.9.4/ant-launcher-1.9.4.jar"/>
					</artifact>
				</artifacts>
			</revision>
		</module>
		<module organisation="jaxen" name="jaxen">
			<revision name="1.1.1" status="release" pubdate="20171101090400" resolver="local-m2" artresolver="default" homepage="http://jaxen.codehaus.org/" downloaded="false" searched="false" default="false" conf="master(*), compile, runtime(*), runtime, compile(*), master" position="12">
				<metadata-artifact status="no" details="" size="3068" time="0" location="/Users/greg/tmp/com.liferay.portal.plugins.sdk-1.0.16/.ivy/cache/jaxen/jaxen/ivy-1.1.1.xml" searched="false" original-local-location="/Users/greg/.m2/repository/jaxen/jaxen/1.1.1/jaxen-1.1.1.pom" origin-is-local="true" origin-location="file:/Users/greg/.m2/repository/jaxen/jaxen/1.1.1/jaxen-1.1.1.pom"/>
				<caller organisation="com.liferay" name="com.liferay.source.formatter" conf="default, compile, runtime, master" rev="1.1.1" rev-constraint-default="1.1.1" rev-constraint-dynamic="1.1.1" callerrev="1.0.376"/>
				<artifacts>
					<artifact name="jaxen" type="jar" ext="jar" status="successful" details="" size="226915" time="5" location="/Users/greg/tmp/com.liferay.portal.plugins.sdk-1.0.16/.ivy/cache/jaxen/jaxen/jars/jaxen-1.1.1.jar">
						<origin-location is-local="true" location="file:/Users/greg/.m2/repository/jaxen/jaxen/1.1.1/jaxen-1.1.1.jar"/>
					</artifact>
				</artifacts>
			</revision>
		</module>
		<module organisation="xom" name="xom">
			<revision name="1.0" status="release" pubdate="20171215090002" resolver="local-m2" artresolver="default" homepage="http://www.xom.nu" downloaded="true" searched="true" default="false" conf="master(*), compile, runtime(*), runtime, compile(*), master" position="14">
				<license name="LGPL"/>
				<metadata-artifact status="successful" details="" size="1571" time="2" location="/Users/greg/tmp/com.liferay.portal.plugins.sdk-1.0.16/.ivy/cache/xom/xom/ivy-1.0.xml" searched="true" original-local-location="/Users/greg/tmp/com.liferay.portal.plugins.sdk-1.0.16/.ivy/cache/xom/xom/ivy-1.0.xml.original" origin-is-local="true" origin-location="file:/Users/greg/.m2/repository/xom/xom/1.0/xom-1.0.pom"/>
				<caller organisation="jaxen" name="jaxen" conf="compile, runtime" rev="1.0" rev-constraint-default="1.0" rev-constraint-dynamic="1.0" callerrev="1.1.1"/>
				<artifacts>
					<artifact name="xom" type="jar" ext="jar" status="successful" details="" size="108874" time="3" location="/Users/greg/tmp/com.liferay.portal.plugins.sdk-1.0.16/.ivy/cache/xom/xom/jars/xom-1.0.jar">
						<origin-location is-local="true" location="file:/Users/greg/.m2/repository/xom/xom/1.0/xom-1.0.jar"/>
					</artifact>
				</artifacts>
			</revision>
		</module>
		<module organisation="com.ibm.icu" name="icu4j">
			<revision name="2.6.1" status="release" pubdate="20171215090002" resolver="local-m2" artresolver="default" homepage="" downloaded="true" searched="true" default="false" conf="master(*), compile, runtime(*), runtime, compile(*), master" position="17">
				<metadata-artifact status="successful" details="" size="150" time="2" location="/Users/greg/tmp/com.liferay.portal.plugins.sdk-1.0.16/.ivy/cache/com.ibm.icu/icu4j/ivy-2.6.1.xml" searched="true" original-local-location="/Users/greg/tmp/com.liferay.portal.plugins.sdk-1.0.16/.ivy/cache/com.ibm.icu/icu4j/ivy-2.6.1.xml.original" origin-is-local="true" origin-location="file:/Users/greg/.m2/repository/com/ibm/icu/icu4j/2.6.1/icu4j-2.6.1.pom"/>
				<caller organisation="xom" name="xom" conf="compile, runtime" rev="2.6.1" rev-constraint-default="2.6.1" rev-constraint-dynamic="2.6.1" callerrev="1.0"/>
				<artifacts>
					<artifact name="icu4j" type="jar" ext="jar" status="successful" details="" size="2450757" time="18" location="/Users/greg/tmp/com.liferay.portal.plugins.sdk-1.0.16/.ivy/cache/com.ibm.icu/icu4j/jars/icu4j-2.6.1.jar">
						<origin-location is-local="true" location="file:/Users/greg/.m2/repository/com/ibm/icu/icu4j/2.6.1/icu4j-2.6.1.jar"/>
					</artifact>
				</artifacts>
			</revision>
		</module>
		<module organisation="xalan" name="xalan">
			<revision name="2.6.0" status="release" pubdate="20171215090002" resolver="local-m2" artresolver="default" homepage="" downloaded="true" searched="true" default="false" conf="master(*), compile, runtime(*), runtime, compile(*), master" position="16">
				<metadata-artifact status="successful" details="" size="491" time="2" location="/Users/greg/tmp/com.liferay.portal.plugins.sdk-1.0.16/.ivy/cache/xalan/xalan/ivy-2.6.0.xml" searched="true" original-local-location="/Users/greg/tmp/com.liferay.portal.plugins.sdk-1.0.16/.ivy/cache/xalan/xalan/ivy-2.6.0.xml.original" origin-is-local="true" origin-location="file:/Users/greg/.m2/repository/xalan/xalan/2.6.0/xalan-2.6.0.pom"/>
				<caller organisation="xom" name="xom" conf="compile, runtime" rev="2.6.0" rev-constraint-default="2.6.0" rev-constraint-dynamic="2.6.0" callerrev="1.0"/>
				<artifacts>
					<artifact name="xalan" type="jar" ext="jar" status="successful" details="" size="3149655" time="22" location="/Users/greg/tmp/com.liferay.portal.plugins.sdk-1.0.16/.ivy/cache/xalan/xalan/jars/xalan-2.6.0.jar">
						<origin-location is-local="true" location="file:/Users/greg/.m2/repository/xalan/xalan/2.6.0/xalan-2.6.0.jar"/>
					</artifact>
				</artifacts>
			</revision>
		</module>
		<module organisation="xerces" name="xmlParserAPIs">
			<revision name="2.6.2" status="release" pubdate="20171215090002" resolver="local-m2" artresolver="default" homepage="" downloaded="true" searched="true" default="false" conf="master(*), compile, runtime(*), runtime, compile(*), master" position="15">
				<metadata-artifact status="successful" details="" size="153" time="2" location="/Users/greg/tmp/com.liferay.portal.plugins.sdk-1.0.16/.ivy/cache/xerces/xmlParserAPIs/ivy-2.6.2.xml" searched="true" original-local-location="/Users/greg/tmp/com.liferay.portal.plugins.sdk-1.0.16/.ivy/cache/xerces/xmlParserAPIs/ivy-2.6.2.xml.original" origin-is-local="true" origin-location="file:/Users/greg/.m2/repository/xerces/xmlParserAPIs/2.6.2/xmlParserAPIs-2.6.2.pom"/>
				<caller organisation="xom" name="xom" conf="compile, runtime" rev="2.6.2" rev-constraint-default="2.6.2" rev-constraint-dynamic="2.6.2" callerrev="1.0"/>
				<artifacts>
					<artifact name="xmlParserAPIs" type="jar" ext="jar" status="successful" details="" size="124724" time="3" location="/Users/greg/tmp/com.liferay.portal.plugins.sdk-1.0.16/.ivy/cache/xerces/xmlParserAPIs/jars/xmlParserAPIs-2.6.2.jar">
						<origin-location is-local="true" location="file:/Users/greg/.m2/repository/xerces/xmlParserAPIs/2.6.2/xmlParserAPIs-2.6.2.jar"/>
					</artifact>
				</artifacts>
			</revision>
		</module>
		<module organisation="jdom" name="jdom">
			<revision name="1.0" status="release" pubdate="20171026160613" resolver="local-m2" artresolver="default" homepage="" downloaded="true" searched="true" default="false" conf="master(*), compile, runtime(*), runtime, compile(*), master" position="13">
				<metadata-artifact status="successful" details="" size="1170" time="2" location="/Users/greg/tmp/com.liferay.portal.plugins.sdk-1.0.16/.ivy/cache/jdom/jdom/ivy-1.0.xml" searched="true" original-local-location="/Users/greg/tmp/com.liferay.portal.plugins.sdk-1.0.16/.ivy/cache/jdom/jdom/ivy-1.0.xml.original" origin-is-local="true" origin-location="file:/Users/greg/.m2/repository/jdom/jdom/1.0/jdom-1.0.pom"/>
				<caller organisation="jaxen" name="jaxen" conf="compile, runtime" rev="1.0" rev-constraint-default="1.0" rev-constraint-dynamic="1.0" callerrev="1.1.1"/>
				<artifacts>
					<artifact name="jdom" type="jar" ext="jar" status="successful" details="" size="153253" time="4" location="/Users/greg/tmp/com.liferay.portal.plugins.sdk-1.0.16/.ivy/cache/jdom/jdom/jars/jdom-1.0.jar">
						<origin-location is-local="true" location="file:/Users/greg/.m2/repository/jdom/jdom/1.0/jdom-1.0.jar"/>
					</artifact>
				</artifacts>
			</revision>
		</module>
		<module organisation="dom4j" name="dom4j">
			<revision name="1.6.1" status="release" pubdate="20171026160612" resolver="local-m2" artresolver="default" homepage="http://dom4j.org" downloaded="false" searched="false" default="false" conf="master(*), compile, runtime(*), runtime, compile(*), master" position="11">
				<metadata-artifact status="no" details="" size="3742" time="0" location="/Users/greg/tmp/com.liferay.portal.plugins.sdk-1.0.16/.ivy/cache/dom4j/dom4j/ivy-1.6.1.xml" searched="false" original-local-location="/Users/greg/.m2/repository/dom4j/dom4j/1.6.1/dom4j-1.6.1.pom" origin-is-local="true" origin-location="file:/Users/greg/.m2/repository/dom4j/dom4j/1.6.1/dom4j-1.6.1.pom"/>
				<caller organisation="jaxen" name="jaxen" conf="compile, runtime" rev="1.6.1" rev-constraint-default="1.6.1" rev-constraint-dynamic="1.6.1" callerrev="1.1.1"/>
				<caller organisation="com.liferay" name="com.liferay.source.formatter" conf="default, compile, runtime, master" rev="1.6.1" rev-constraint-default="1.6.1" rev-constraint-dynamic="1.6.1" callerrev="1.0.376"/>
				<artifacts>
					<artifact name="dom4j" type="jar" ext="jar" status="no" details="" size="313898" time="0" location="/Users/greg/tmp/com.liferay.portal.plugins.sdk-1.0.16/.ivy/cache/dom4j/dom4j/jars/dom4j-1.6.1.jar">
						<origin-location is-local="true" location="file:/Users/greg/.m2/repository/dom4j/dom4j/1.6.1/dom4j-1.6.1.jar"/>
					</artifact>
				</artifacts>
			</revision>
		</module>
		<module organisation="commons-logging" name="commons-logging">
			<revision name="1.2" status="release" pubdate="20171026154318" resolver="local-m2" artresolver="default" homepage="http://commons.apache.org/proper/commons-logging/" downloaded="true" searched="true" default="false" conf="master(*), compile, runtime(*), runtime, compile(*), master" position="10">
				<metadata-artifact status="successful" details="" size="19206" time="3" location="/Users/greg/tmp/com.liferay.portal.plugins.sdk-1.0.16/.ivy/cache/commons-logging/commons-logging/ivy-1.2.xml" searched="true" original-local-location="/Users/greg/tmp/com.liferay.portal.plugins.sdk-1.0.16/.ivy/cache/commons-logging/commons-logging/ivy-1.2.xml.original" origin-is-local="true" origin-location="file:/Users/greg/.m2/repository/commons-logging/commons-logging/1.2/commons-logging-1.2.pom"/>
				<caller organisation="com.liferay" name="com.liferay.source.formatter" conf="default, compile, runtime, master" rev="1.2" rev-constraint-default="1.2" rev-constraint-dynamic="1.2" callerrev="1.0.376"/>
				<caller organisation="commons-beanutils" name="commons-beanutils" conf="compile, runtime" rev="1.1.1" rev-constraint-default="1.1.1" rev-constraint-dynamic="1.1.1" callerrev="1.9.2"/>
				<artifacts>
					<artifact name="commons-logging" type="jar" ext="jar" status="successful" details="" size="61829" time="4" location="/Users/greg/tmp/com.liferay.portal.plugins.sdk-1.0.16/.ivy/cache/commons-logging/commons-logging/jars/commons-logging-1.2.jar">
						<origin-location is-local="true" location="file:/Users/greg/.m2/repository/commons-logging/commons-logging/1.2/commons-logging-1.2.jar"/>
					</artifact>
				</artifacts>
			</revision>
			<revision name="1.1.1" evicted="latest-revision" evicted-reason="" downloaded="false" searched="false" conf="master(*), runtime(*), compile(*)" position="-1">
				<evicted-by rev="1.2"/>
				<caller organisation="commons-beanutils" name="commons-beanutils" conf="compile, runtime" rev="1.1.1" rev-constraint-default="1.1.1" rev-constraint-dynamic="1.1.1" callerrev="1.9.2"/>
				<artifacts>
				</artifacts>
			</revision>
		</module>
		<module organisation="commons-io" name="commons-io">
			<revision name="2.1" status="release" pubdate="20171215090002" resolver="local-m2" artresolver="default" homepage="http://commons.apache.org/io/" downloaded="true" searched="true" default="false" conf="master(*), compile, runtime(*), runtime, compile(*), master" position="9">
				<metadata-artifact status="successful" details="" size="10636" time="3" location="/Users/greg/tmp/com.liferay.portal.plugins.sdk-1.0.16/.ivy/cache/commons-io/commons-io/ivy-2.1.xml" searched="true" original-local-location="/Users/greg/tmp/com.liferay.portal.plugins.sdk-1.0.16/.ivy/cache/commons-io/commons-io/ivy-2.1.xml.original" origin-is-local="true" origin-location="file:/Users/greg/.m2/repository/commons-io/commons-io/2.1/commons-io-2.1.pom"/>
				<caller organisation="com.liferay" name="com.liferay.source.formatter" conf="default, compile, runtime, master" rev="2.1" rev-constraint-default="2.1" rev-constraint-dynamic="2.1" callerrev="1.0.376"/>
				<artifacts>
					<artifact name="commons-io" type="jar" ext="jar" status="successful" details="" size="163151" time="4" location="/Users/greg/tmp/com.liferay.portal.plugins.sdk-1.0.16/.ivy/cache/commons-io/commons-io/jars/commons-io-2.1.jar">
						<origin-location is-local="true" location="file:/Users/greg/.m2/repository/commons-io/commons-io/2.1/commons-io-2.1.jar"/>
					</artifact>
				</artifacts>
			</revision>
		</module>
		<module organisation="com.thoughtworks.qdox" name="qdox">
			<revision name="1.12.1" status="release" pubdate="20171102161758" resolver="local-m2" artresolver="default" homepage="http://qdox.codehaus.org" downloaded="false" searched="false" default="false" conf="master(*), compile, runtime(*), runtime, compile(*), master" position="8">
				<license name="The Apache Software License, Version 2.0" url="http://www.apache.org/licenses/LICENSE-2.0.txt"/>
				<metadata-artifact status="no" details="" size="4331" time="0" location="/Users/greg/tmp/com.liferay.portal.plugins.sdk-1.0.16/.ivy/cache/com.thoughtworks.qdox/qdox/ivy-1.12.1.xml" searched="false" original-local-location="/Users/greg/.m2/repository/com/thoughtworks/qdox/qdox/1.12.1/qdox-1.12.1.pom" origin-is-local="true" origin-location="file:/Users/greg/.m2/repository/com/thoughtworks/qdox/qdox/1.12.1/qdox-1.12.1.pom"/>
				<caller organisation="com.liferay" name="com.liferay.source.formatter" conf="default, compile, runtime, master" rev="1.12.1" rev-constraint-default="1.12.1" rev-constraint-dynamic="1.12.1" callerrev="1.0.376"/>
				<artifacts>
					<artifact name="qdox" type="jar" ext="jar" status="no" details="" size="179818" time="0" location="/Users/greg/tmp/com.liferay.portal.plugins.sdk-1.0.16/.ivy/cache/com.thoughtworks.qdox/qdox/jars/qdox-1.12.1.jar">
						<origin-location is-local="true" location="file:/Users/greg/.m2/repository/com/thoughtworks/qdox/qdox/1.12.1/qdox-1.12.1.jar"/>
					</artifact>
				</artifacts>
			</revision>
		</module>
		<module organisation="com.puppycrawl.tools" name="checkstyle">
			<revision name="7.0" status="release" pubdate="20160626153844" resolver="liferay-public" artresolver="default" homepage="http://checkstyle.sourceforge.net/" downloaded="true" searched="true" default="false" conf="master(*), compile, runtime(*), runtime, compile(*), master" position="1">
				<license name="GNU Lesser General Public License" url="http://www.gnu.org/licenses/old-licenses/lgpl-2.1.txt"/>
				<metadata-artifact status="successful" details="" size="71915" time="551" location="/Users/greg/tmp/com.liferay.portal.plugins.sdk-1.0.16/.ivy/cache/com.puppycrawl.tools/checkstyle/ivy-7.0.xml" searched="true" original-local-location="/Users/greg/tmp/com.liferay.portal.plugins.sdk-1.0.16/.ivy/cache/com.puppycrawl.tools/checkstyle/ivy-7.0.xml.original" origin-is-local="false" origin-location="https://cdn.lfrs.sl/repository.liferay.com/nexus/content/groups/public/com/puppycrawl/tools/checkstyle/7.0/checkstyle-7.0.pom"/>
				<caller organisation="com.liferay" name="com.liferay.source.formatter" conf="default, compile, runtime, master" rev="7.0" rev-constraint-default="7.0" rev-constraint-dynamic="7.0" callerrev="1.0.376"/>
				<artifacts>
					<artifact name="checkstyle" type="jar" ext="jar" status="successful" details="" size="1170891" time="1651" location="/Users/greg/tmp/com.liferay.portal.plugins.sdk-1.0.16/.ivy/cache/com.puppycrawl.tools/checkstyle/jars/checkstyle-7.0.jar">
						<origin-location is-local="false" location="https://cdn.lfrs.sl/repository.liferay.com/nexus/content/groups/public/com/puppycrawl/tools/checkstyle/7.0/checkstyle-7.0.jar"/>
					</artifact>
				</artifacts>
			</revision>
		</module>
		<module organisation="com.google.guava" name="guava">
			<revision name="19.0" status="release" pubdate="20171102162236" resolver="local-m2" artresolver="default" homepage="" downloaded="true" searched="true" default="false" conf="master(*), compile, runtime(*), runtime, compile(*), master" position="7">
				<metadata-artifact status="successful" details="" size="6792" time="2" location="/Users/greg/tmp/com.liferay.portal.plugins.sdk-1.0.16/.ivy/cache/com.google.guava/guava/ivy-19.0.xml" searched="true" original-local-location="/Users/greg/tmp/com.liferay.portal.plugins.sdk-1.0.16/.ivy/cache/com.google.guava/guava/ivy-19.0.xml.original" origin-is-local="true" origin-location="file:/Users/greg/.m2/repository/com/google/guava/guava/19.0/guava-19.0.pom"/>
				<caller organisation="com.puppycrawl.tools" name="checkstyle" conf="compile, runtime" rev="19.0" rev-constraint-default="19.0" rev-constraint-dynamic="19.0" callerrev="7.0"/>
				<artifacts>
					<artifact name="guava" type="bundle" ext="jar" status="successful" details="" size="2308517" time="19" location="/Users/greg/tmp/com.liferay.portal.plugins.sdk-1.0.16/.ivy/cache/com.google.guava/guava/bundles/guava-19.0.jar">
						<origin-location is-local="true" location="file:/Users/greg/.m2/repository/com/google/guava/guava/19.0/guava-19.0.jar"/>
					</artifact>
				</artifacts>
			</revision>
		</module>
		<module organisation="commons-cli" name="commons-cli">
			<revision name="1.3.1" status="release" pubdate="20171117110927" resolver="local-m2" artresolver="default" homepage="http://commons.apache.org/proper/commons-cli/" downloaded="true" searched="true" default="false" conf="master(*), compile, runtime(*), runtime, compile(*), master" position="6">
				<metadata-artifact status="successful" details="" size="10393" time="3" location="/Users/greg/tmp/com.liferay.portal.plugins.sdk-1.0.16/.ivy/cache/commons-cli/commons-cli/ivy-1.3.1.xml" searched="true" original-local-location="/Users/greg/tmp/com.liferay.portal.plugins.sdk-1.0.16/.ivy/cache/commons-cli/commons-cli/ivy-1.3.1.xml.original" origin-is-local="true" origin-location="file:/Users/greg/.m2/repository/commons-cli/commons-cli/1.3.1/commons-cli-1.3.1.pom"/>
				<caller organisation="com.puppycrawl.tools" name="checkstyle" conf="compile, runtime" rev="1.3.1" rev-constraint-default="1.3.1" rev-constraint-dynamic="1.3.1" callerrev="7.0"/>
				<artifacts>
					<artifact name="commons-cli" type="jar" ext="jar" status="successful" details="" size="52988" time="2" location="/Users/greg/tmp/com.liferay.portal.plugins.sdk-1.0.16/.ivy/cache/commons-cli/commons-cli/jars/commons-cli-1.3.1.jar">
						<origin-location is-local="true" location="file:/Users/greg/.m2/repository/commons-cli/commons-cli/1.3.1/commons-cli-1.3.1.jar"/>
					</artifact>
				</artifacts>
			</revision>
		</module>
		<module organisation="junit" name="junit">
			<revision name="4.12" status="release" pubdate="20171102161940" resolver="local-m2" artresolver="default" homepage="http://junit.org" downloaded="true" searched="true" default="false" conf="master(*), compile, runtime(*), runtime, compile(*), master" position="18">
				<license name="Eclipse Public License 1.0" url="http://www.eclipse.org/legal/epl-v10.html"/>
				<metadata-artifact status="successful" details="" size="23678" time="3" location="/Users/greg/tmp/com.liferay.portal.plugins.sdk-1.0.16/.ivy/cache/junit/junit/ivy-4.12.xml" searched="true" original-local-location="/Users/greg/tmp/com.liferay.portal.plugins.sdk-1.0.16/.ivy/cache/junit/junit/ivy-4.12.xml.original" origin-is-local="true" origin-location="file:/Users/greg/.m2/repository/junit/junit/4.12/junit-4.12.pom"/>
				<caller organisation="com.liferay" name="com.liferay.source.formatter" conf="default, compile, runtime, master" rev="4.12" rev-constraint-default="4.12" rev-constraint-dynamic="4.12" callerrev="1.0.376"/>
				<artifacts>
					<artifact name="junit" type="jar" ext="jar" status="successful" details="" size="314932" time="4" location="/Users/greg/tmp/com.liferay.portal.plugins.sdk-1.0.16/.ivy/cache/junit/junit/jars/junit-4.12.jar">
						<origin-location is-local="true" location="file:/Users/greg/.m2/repository/junit/junit/4.12/junit-4.12.jar"/>
					</artifact>
				</artifacts>
			</revision>
		</module>
		<module organisation="org.hamcrest" name="hamcrest-core">
			<revision name="1.3" status="release" pubdate="20171102150719" resolver="local-m2" artresolver="default" homepage="" downloaded="true" searched="true" default="false" conf="master(*), compile, runtime(*), runtime, compile(*), master" position="19">
				<metadata-artifact status="successful" details="" size="766" time="2" location="/Users/greg/tmp/com.liferay.portal.plugins.sdk-1.0.16/.ivy/cache/org.hamcrest/hamcrest-core/ivy-1.3.xml" searched="true" original-local-location="/Users/greg/tmp/com.liferay.portal.plugins.sdk-1.0.16/.ivy/cache/org.hamcrest/hamcrest-core/ivy-1.3.xml.original" origin-is-local="true" origin-location="file:/Users/greg/.m2/repository/org/hamcrest/hamcrest-core/1.3/hamcrest-core-1.3.pom"/>
				<caller organisation="junit" name="junit" conf="compile, runtime" rev="1.3" rev-constraint-default="1.3" rev-constraint-dynamic="1.3" callerrev="4.12"/>
				<artifacts>
					<artifact name="hamcrest-core" type="jar" ext="jar" status="successful" details="" size="45024" time="1" location="/Users/greg/tmp/com.liferay.portal.plugins.sdk-1.0.16/.ivy/cache/org.hamcrest/hamcrest-core/jars/hamcrest-core-1.3.jar">
						<origin-location is-local="true" location="file:/Users/greg/.m2/repository/org/hamcrest/hamcrest-core/1.3/hamcrest-core-1.3.jar"/>
					</artifact>
				</artifacts>
			</revision>
		</module>
		<module organisation="commons-collections" name="commons-collections">
			<revision name="3.2.2" status="release" pubdate="20171026160613" resolver="local-m2" artresolver="default" homepage="http://commons.apache.org/collections/" downloaded="true" searched="true" default="false" conf="master(*), compile, runtime(*), runtime, compile(*), master" position="5">
				<metadata-artifact status="successful" details="" size="12403" time="3" location="/Users/greg/tmp/com.liferay.portal.plugins.sdk-1.0.16/.ivy/cache/commons-collections/commons-collections/ivy-3.2.2.xml" searched="true" original-local-location="/Users/greg/tmp/com.liferay.portal.plugins.sdk-1.0.16/.ivy/cache/commons-collections/commons-collections/ivy-3.2.2.xml.original" origin-is-local="true" origin-location="file:/Users/greg/.m2/repository/commons-collections/commons-collections/3.2.2/commons-collections-3.2.2.pom"/>
				<caller organisation="com.puppycrawl.tools" name="checkstyle" conf="compile, runtime" rev="3.2.2" rev-constraint-default="3.2.2" rev-constraint-dynamic="3.2.2" callerrev="7.0"/>
				<artifacts>
					<artifact name="commons-collections" type="jar" ext="jar" status="successful" details="" size="588337" time="8" location="/Users/greg/tmp/com.liferay.portal.plugins.sdk-1.0.16/.ivy/cache/commons-collections/commons-collections/jars/commons-collections-3.2.2.jar">
						<origin-location is-local="true" location="file:/Users/greg/.m2/repository/commons-collections/commons-collections/3.2.2/commons-collections-3.2.2.jar"/>
					</artifact>
				</artifacts>
			</revision>
		</module>
		<module organisation="commons-beanutils" name="commons-beanutils">
			<revision name="1.9.2" status="release" pubdate="20171117110927" resolver="local-m2" artresolver="default" homepage="http://commons.apache.org/proper/commons-beanutils/" downloaded="true" searched="true" default="false" conf="master(*), compile, runtime(*), runtime, compile(*), master" position="4">
				<metadata-artifact status="successful" details="" size="14305" time="2" location="/Users/greg/tmp/com.liferay.portal.plugins.sdk-1.0.16/.ivy/cache/commons-beanutils/commons-beanutils/ivy-1.9.2.xml" searched="true" original-local-location="/Users/greg/tmp/com.liferay.portal.plugins.sdk-1.0.16/.ivy/cache/commons-beanutils/commons-beanutils/ivy-1.9.2.xml.original" origin-is-local="true" origin-location="file:/Users/greg/.m2/repository/commons-beanutils/commons-beanutils/1.9.2/commons-beanutils-1.9.2.pom"/>
				<caller organisation="com.puppycrawl.tools" name="checkstyle" conf="compile, runtime" rev="1.9.2" rev-constraint-default="1.9.2" rev-constraint-dynamic="1.9.2" callerrev="7.0"/>
				<artifacts>
					<artifact name="commons-beanutils" type="jar" ext="jar" status="successful" details="" size="233859" time="5" location="/Users/greg/tmp/com.liferay.portal.plugins.sdk-1.0.16/.ivy/cache/commons-beanutils/commons-beanutils/jars/commons-beanutils-1.9.2.jar">
						<origin-location is-local="true" location="file:/Users/greg/.m2/repository/commons-beanutils/commons-beanutils/1.9.2/commons-beanutils-1.9.2.jar"/>
					</artifact>
				</artifacts>
			</revision>
		</module>
		<module organisation="org.antlr" name="antlr4-runtime">
			<revision name="4.5.3" status="release" pubdate="20160330183535" resolver="liferay-public" artresolver="default" homepage="" downloaded="true" searched="true" default="false" conf="master(*), compile, runtime(*), runtime, compile(*), master" position="3">
				<metadata-artifact status="successful" details="" size="2310" time="550" location="/Users/greg/tmp/com.liferay.portal.plugins.sdk-1.0.16/.ivy/cache/org.antlr/antlr4-runtime/ivy-4.5.3.xml" searched="true" original-local-location="/Users/greg/tmp/com.liferay.portal.plugins.sdk-1.0.16/.ivy/cache/org.antlr/antlr4-runtime/ivy-4.5.3.xml.original" origin-is-local="false" origin-location="https://cdn.lfrs.sl/repository.liferay.com/nexus/content/groups/public/org/antlr/antlr4-runtime/4.5.3/antlr4-runtime-4.5.3.pom"/>
				<caller organisation="com.puppycrawl.tools" name="checkstyle" conf="compile, runtime" rev="4.5.3" rev-constraint-default="4.5.3" rev-constraint-dynamic="4.5.3" callerrev="7.0"/>
				<artifacts>
					<artifact name="antlr4-runtime" type="jar" ext="jar" status="successful" details="" size="302248" time="2323" location="/Users/greg/tmp/com.liferay.portal.plugins.sdk-1.0.16/.ivy/cache/org.antlr/antlr4-runtime/jars/antlr4-runtime-4.5.3.jar">
						<origin-location is-local="false" location="https://cdn.lfrs.sl/repository.liferay.com/nexus/content/groups/public/org/antlr/antlr4-runtime/4.5.3/antlr4-runtime-4.5.3.jar"/>
					</artifact>
				</artifacts>
			</revision>
		</module>
		<module organisation="antlr" name="antlr">
			<revision name="2.7.7" status="release" pubdate="20171026214714" resolver="local-m2" artresolver="default" homepage="http://www.antlr.org/" downloaded="true" searched="true" default="false" conf="master(*), compile, runtime(*), runtime, compile(*), master" position="2">
				<license name="BSD License" url="http://www.antlr.org/license.html"/>
				<metadata-artifact status="successful" details="" size="632" time="2" location="/Users/greg/tmp/com.liferay.portal.plugins.sdk-1.0.16/.ivy/cache/antlr/antlr/ivy-2.7.7.xml" searched="true" original-local-location="/Users/greg/tmp/com.liferay.portal.plugins.sdk-1.0.16/.ivy/cache/antlr/antlr/ivy-2.7.7.xml.original" origin-is-local="true" origin-location="file:/Users/greg/.m2/repository/antlr/antlr/2.7.7/antlr-2.7.7.pom"/>
				<caller organisation="com.puppycrawl.tools" name="checkstyle" conf="compile, runtime" rev="2.7.7" rev-constraint-default="2.7.7" rev-constraint-dynamic="2.7.7" callerrev="7.0"/>
				<artifacts>
					<artifact name="antlr" type="jar" ext="jar" status="successful" details="" size="445288" time="6" location="/Users/greg/tmp/com.liferay.portal.plugins.sdk-1.0.16/.ivy/cache/antlr/antlr/jars/antlr-2.7.7.jar">
						<origin-location is-local="true" location="file:/Users/greg/.m2/repository/antlr/antlr/2.7.7/antlr-2.7.7.jar"/>
					</artifact>
				</artifacts>
			</revision>
		</module>
	</dependencies>
</ivy-report>
