<?xml version="1.0" encoding="UTF-8"?>
<?xml-stylesheet type="text/xsl" href="ivy-report.xsl"?>
<ivy-report version="1.0">
	<info
		organisation="com.liferay"
		module="com.liferay.sdk.dependencies.org.codehaus.groovy"
		revision="working@guaige-2.local"
		conf="default"
		confs="default, internal, provided"
		date="20180925144123"/>
	<dependencies>
		<module organisation="org.codehaus.groovy" name="groovy-all">
			<revision name="2.0.1" status="release" pubdate="20120725072639" resolver="liferay-public" artresolver="default" homepage="http://groovy.codehaus.org/" downloaded="true" searched="true" default="false" conf="default, compile, runtime, master" position="0">
				<license name="The Apache Software License, Version 2.0" url="http://www.apache.org/licenses/LICENSE-2.0.txt"/>
				<metadata-artifact status="successful" details="" size="17786" time="242" location="/Users/greg/tmp/com.liferay.portal.plugins.sdk-1.0.16/.ivy/cache/org.codehaus.groovy/groovy-all/ivy-2.0.1.xml" searched="true" original-local-location="/Users/greg/tmp/com.liferay.portal.plugins.sdk-1.0.16/.ivy/cache/org.codehaus.groovy/groovy-all/ivy-2.0.1.xml.original" origin-is-local="false" origin-location="https://cdn.lfrs.sl/repository.liferay.com/nexus/content/groups/public/org/codehaus/groovy/groovy-all/2.0.1/groovy-all-2.0.1.pom"/>
				<caller organisation="com.liferay" name="com.liferay.sdk.dependencies.org.codehaus.groovy" conf="default" rev="2.0.1" rev-constraint-default="2.0.1" rev-constraint-dynamic="2.0.1" callerrev="working@guaige-2.local"/>
				<artifacts>
					<artifact name="groovy-all" type="jar" ext="jar" status="successful" details="" size="6191960" time="1649" location="/Users/greg/tmp/com.liferay.portal.plugins.sdk-1.0.16/.ivy/cache/org.codehaus.groovy/groovy-all/jars/groovy-all-2.0.1.jar">
						<origin-location is-local="false" location="https://cdn.lfrs.sl/repository.liferay.com/nexus/content/groups/public/org/codehaus/groovy/groovy-all/2.0.1/groovy-all-2.0.1.jar"/>
					</artifact>
				</artifacts>
			</revision>
		</module>
	</dependencies>
</ivy-report>
