<?xml version="1.0" encoding="UTF-8"?>
<?xml-stylesheet type="text/xsl" href="ivy-report.xsl"?>
<ivy-report version="1.0">
	<info
		organisation="com.liferay"
		module="com.liferay.sdk.dependencies.com.liferay.portal.tools.upgrade.table.builder"
		revision="working@guaige-2.local"
		conf="default"
		confs="default, internal, provided"
		date="20180925135922"/>
	<dependencies>
		<module organisation="com.liferay" name="com.liferay.portal.tools.upgrade.table.builder">
			<revision name="1.0.2" status="release" pubdate="20150819183519" resolver="liferay-public" artresolver="default" homepage="" downloaded="true" searched="true" default="false" conf="default, compile, runtime, master" position="0">
				<license name="LGPL 2.1" url="http://www.gnu.org/licenses/old-licenses/lgpl-2.1.txt"/>
				<metadata-artifact status="successful" details="" size="1515" time="538" location="/Users/greg/tmp/com.liferay.portal.plugins.sdk-1.0.16/.ivy/cache/com.liferay/com.liferay.portal.tools.upgrade.table.builder/ivy-1.0.2.xml" searched="true" original-local-location="/Users/greg/tmp/com.liferay.portal.plugins.sdk-1.0.16/.ivy/cache/com.liferay/com.liferay.portal.tools.upgrade.table.builder/ivy-1.0.2.xml.original" origin-is-local="false" origin-location="https://cdn.lfrs.sl/repository.liferay.com/nexus/content/groups/public/com/liferay/com.liferay.portal.tools.upgrade.table.builder/1.0.2/com.liferay.portal.tools.upgrade.table.builder-1.0.2.pom"/>
				<caller organisation="com.liferay" name="com.liferay.sdk.dependencies.com.liferay.portal.tools.upgrade.table.builder" conf="default" rev="1.0.2" rev-constraint-default="1.0.2" rev-constraint-dynamic="1.0.2" callerrev="working@guaige-2.local"/>
				<artifacts>
					<artifact name="com.liferay.portal.tools.upgrade.table.builder" type="jar" ext="jar" status="successful" details="" size="36204" time="477" location="/Users/greg/tmp/com.liferay.portal.plugins.sdk-1.0.16/.ivy/cache/com.liferay/com.liferay.portal.tools.upgrade.table.builder/jars/com.liferay.portal.tools.upgrade.table.builder-1.0.2.jar">
						<origin-location is-local="false" location="https://cdn.lfrs.sl/repository.liferay.com/nexus/content/groups/public/com/liferay/com.liferay.portal.tools.upgrade.table.builder/1.0.2/com.liferay.portal.tools.upgrade.table.builder-1.0.2.jar"/>
					</artifact>
				</artifacts>
			</revision>
		</module>
	</dependencies>
</ivy-report>
