<?xml version="1.0" encoding="UTF-8"?>
<?xml-stylesheet type="text/xsl" href="ivy-report.xsl"?>
<ivy-report version="1.0">
	<info
		organisation="com.liferay"
		module="com.liferay.sdk.dependencies.com.liferay.portal.tools.service.builder"
		revision="working@guaige-2.local"
		conf="default"
		confs="default, internal, provided"
		date="20180925135844"/>
	<dependencies>
		<module organisation="com.liferay" name="com.liferay.portal.tools.service.builder">
			<revision name="1.0.148" status="release" pubdate="20170330224540" resolver="liferay-public" artresolver="default" homepage="" downloaded="true" searched="true" default="false" conf="default, compile, runtime, master" position="0">
				<license name="LGPL 2.1" url="http://www.gnu.org/licenses/old-licenses/lgpl-2.1.txt"/>
				<metadata-artifact status="successful" details="" size="4463" time="565" location="/Users/greg/tmp/com.liferay.portal.plugins.sdk-1.0.16/.ivy/cache/com.liferay/com.liferay.portal.tools.service.builder/ivy-1.0.148.xml" searched="true" original-local-location="/Users/greg/tmp/com.liferay.portal.plugins.sdk-1.0.16/.ivy/cache/com.liferay/com.liferay.portal.tools.service.builder/ivy-1.0.148.xml.original" origin-is-local="false" origin-location="https://cdn.lfrs.sl/repository.liferay.com/nexus/content/groups/public/com/liferay/com.liferay.portal.tools.service.builder/1.0.148/com.liferay.portal.tools.service.builder-1.0.148.pom"/>
				<caller organisation="com.liferay" name="com.liferay.sdk.dependencies.com.liferay.portal.tools.service.builder" conf="default" rev="1.0.148" rev-constraint-default="1.0.148" rev-constraint-dynamic="1.0.148" callerrev="working@guaige-2.local"/>
				<artifacts>
					<artifact name="com.liferay.portal.tools.service.builder" type="jar" ext="jar" status="successful" details="" size="463829" time="782" location="/Users/greg/tmp/com.liferay.portal.plugins.sdk-1.0.16/.ivy/cache/com.liferay/com.liferay.portal.tools.service.builder/jars/com.liferay.portal.tools.service.builder-1.0.148.jar">
						<origin-location is-local="false" location="https://cdn.lfrs.sl/repository.liferay.com/nexus/content/groups/public/com/liferay/com.liferay.portal.tools.service.builder/1.0.148/com.liferay.portal.tools.service.builder-1.0.148.jar"/>
					</artifact>
				</artifacts>
			</revision>
		</module>
		<module organisation="org.freemarker" name="freemarker">
			<revision name="2.3.23" status="release" pubdate="20171101090400" resolver="local-m2" artresolver="default" homepage="http://freemarker.org/" downloaded="true" searched="true" default="false" conf="master(*), compile, runtime(*), runtime, compile(*), master" position="6">
				<license name="Apache License, Version 2.0" url="http://freemarker.org/LICENSE.txt"/>
				<metadata-artifact status="successful" details="" size="1514" time="2" location="/Users/greg/tmp/com.liferay.portal.plugins.sdk-1.0.16/.ivy/cache/org.freemarker/freemarker/ivy-2.3.23.xml" searched="true" original-local-location="/Users/greg/tmp/com.liferay.portal.plugins.sdk-1.0.16/.ivy/cache/org.freemarker/freemarker/ivy-2.3.23.xml.original" origin-is-local="true" origin-location="file:/Users/greg/.m2/repository/org/freemarker/freemarker/2.3.23/freemarker-2.3.23.pom"/>
				<caller organisation="com.liferay" name="com.liferay.portal.tools.service.builder" conf="default, compile, runtime, master" rev="2.3.23" rev-constraint-default="2.3.23" rev-constraint-dynamic="2.3.23" callerrev="1.0.148"/>
				<artifacts>
				</artifacts>
			</revision>
		</module>
		<module organisation="log4j" name="log4j">
			<revision name="1.2.17" status="release" pubdate="20171026154250" resolver="local-m2" artresolver="default" homepage="http://logging.apache.org/log4j/1.2/" downloaded="false" searched="false" default="false" conf="master(*), compile, runtime(*), runtime, compile(*), master" position="5">
				<license name="The Apache Software License, Version 2.0" url="http://www.apache.org/licenses/LICENSE-2.0.txt"/>
				<metadata-artifact status="no" details="" size="3693" time="0" location="/Users/greg/tmp/com.liferay.portal.plugins.sdk-1.0.16/.ivy/cache/log4j/log4j/ivy-1.2.17.xml" searched="false" original-local-location="/Users/greg/.m2/repository/log4j/log4j/1.2.17/log4j-1.2.17.pom" origin-is-local="true" origin-location="file:/Users/greg/.m2/repository/log4j/log4j/1.2.17/log4j-1.2.17.pom"/>
				<caller organisation="com.liferay" name="com.liferay.portal.tools.service.builder" conf="default, compile, runtime, master" rev="1.2.17" rev-constraint-default="1.2.17" rev-constraint-dynamic="1.2.17" callerrev="1.0.148"/>
				<artifacts>
					<artifact name="log4j" type="bundle" ext="jar" status="no" details="" size="489884" time="0" location="/Users/greg/tmp/com.liferay.portal.plugins.sdk-1.0.16/.ivy/cache/log4j/log4j/bundles/log4j-1.2.17.jar">
						<origin-location is-local="true" location="file:/Users/greg/.m2/repository/log4j/log4j/1.2.17/log4j-1.2.17.jar"/>
					</artifact>
				</artifacts>
			</revision>
		</module>
		<module organisation="jaxen" name="jaxen">
			<revision name="1.1.1" status="release" pubdate="20171101090400" resolver="local-m2" artresolver="default" homepage="http://jaxen.codehaus.org/" downloaded="true" searched="true" default="false" conf="master(*), compile, runtime(*), runtime, compile(*), master" position="4">
				<metadata-artifact status="successful" details="" size="7457" time="1" location="/Users/greg/tmp/com.liferay.portal.plugins.sdk-1.0.16/.ivy/cache/jaxen/jaxen/ivy-1.1.1.xml" searched="true" original-local-location="/Users/greg/tmp/com.liferay.portal.plugins.sdk-1.0.16/.ivy/cache/jaxen/jaxen/ivy-1.1.1.xml.original" origin-is-local="true" origin-location="file:/Users/greg/.m2/repository/jaxen/jaxen/1.1.1/jaxen-1.1.1.pom"/>
				<caller organisation="com.liferay" name="com.liferay.portal.tools.service.builder" conf="default, compile, runtime, master" rev="1.1.1" rev-constraint-default="1.1.1" rev-constraint-dynamic="1.1.1" callerrev="1.0.148"/>
				<artifacts>
				</artifacts>
			</revision>
		</module>
		<module organisation="jalopy" name="jalopy">
			<revision name="1.5rc3" status="release" pubdate="20171101090400" resolver="local-m2" artresolver="default" homepage="http://jalopy.sf.net" downloaded="false" searched="false" default="false" conf="master(*), compile, runtime(*), runtime, compile(*), master" position="3">
				<license name="BSD license" url="http://www.opensource.org/licenses/bsd-license.php"/>
				<metadata-artifact status="no" details="" size="2565" time="0" location="/Users/greg/tmp/com.liferay.portal.plugins.sdk-1.0.16/.ivy/cache/jalopy/jalopy/ivy-1.5rc3.xml" searched="false" original-local-location="/Users/greg/.m2/repository/jalopy/jalopy/1.5rc3/jalopy-1.5rc3.pom" origin-is-local="true" origin-location="file:/Users/greg/.m2/repository/jalopy/jalopy/1.5rc3/jalopy-1.5rc3.pom"/>
				<caller organisation="com.liferay" name="com.liferay.portal.tools.service.builder" conf="default, compile, runtime, master" rev="1.5rc3" rev-constraint-default="1.5rc3" rev-constraint-dynamic="1.5rc3" callerrev="1.0.148"/>
				<artifacts>
				</artifacts>
			</revision>
		</module>
		<module organisation="dom4j" name="dom4j">
			<revision name="1.6.1" status="release" pubdate="20171026160612" resolver="local-m2" artresolver="default" homepage="http://dom4j.org" downloaded="false" searched="false" default="false" conf="master(*), compile, runtime(*), runtime, compile(*), master" position="2">
				<metadata-artifact status="no" details="" size="3742" time="0" location="/Users/greg/tmp/com.liferay.portal.plugins.sdk-1.0.16/.ivy/cache/dom4j/dom4j/ivy-1.6.1.xml" searched="false" original-local-location="/Users/greg/.m2/repository/dom4j/dom4j/1.6.1/dom4j-1.6.1.pom" origin-is-local="true" origin-location="file:/Users/greg/.m2/repository/dom4j/dom4j/1.6.1/dom4j-1.6.1.pom"/>
				<caller organisation="com.liferay" name="com.liferay.portal.tools.service.builder" conf="default, compile, runtime, master" rev="1.6.1" rev-constraint-default="1.6.1" rev-constraint-dynamic="1.6.1" callerrev="1.0.148"/>
				<artifacts>
				</artifacts>
			</revision>
		</module>
		<module organisation="com.thoughtworks.qdox" name="qdox">
			<revision name="1.12.1" status="release" pubdate="20171102161758" resolver="local-m2" artresolver="default" homepage="http://qdox.codehaus.org" downloaded="false" searched="false" default="false" conf="master(*), compile, runtime(*), runtime, compile(*), master" position="1">
				<license name="The Apache Software License, Version 2.0" url="http://www.apache.org/licenses/LICENSE-2.0.txt"/>
				<metadata-artifact status="no" details="" size="4331" time="0" location="/Users/greg/tmp/com.liferay.portal.plugins.sdk-1.0.16/.ivy/cache/com.thoughtworks.qdox/qdox/ivy-1.12.1.xml" searched="false" original-local-location="/Users/greg/.m2/repository/com/thoughtworks/qdox/qdox/1.12.1/qdox-1.12.1.pom" origin-is-local="true" origin-location="file:/Users/greg/.m2/repository/com/thoughtworks/qdox/qdox/1.12.1/qdox-1.12.1.pom"/>
				<caller organisation="com.liferay" name="com.liferay.portal.tools.service.builder" conf="default, compile, runtime, master" rev="1.12.1" rev-constraint-default="1.12.1" rev-constraint-dynamic="1.12.1" callerrev="1.0.148"/>
				<artifacts>
				</artifacts>
			</revision>
		</module>
	</dependencies>
</ivy-report>
