<?xml version="1.0" encoding="UTF-8"?>
<?xml-stylesheet type="text/xsl" href="ivy-report.xsl"?>
<ivy-report version="1.0">
	<info
		organisation="com.liferay"
		module="com.liferay.sdk.dependencies.com.liferay.ant.heap.dump"
		revision="working@guaige-2.local"
		conf="default"
		confs="default, internal, provided"
		date="20180925135134"/>
	<dependencies>
		<module organisation="com.liferay" name="com.liferay.ant.heap.dump">
			<revision name="1.0.0" status="release" pubdate="20150603172832" resolver="liferay-public" artresolver="default" homepage="" downloaded="true" searched="true" default="false" conf="default, compile, runtime, master" position="0">
				<license name="LGPL 2.1" url="http://www.gnu.org/licenses/old-licenses/lgpl-2.1.txt"/>
				<metadata-artifact status="successful" details="" size="1281" time="622" location="/Users/greg/tmp/com.liferay.portal.plugins.sdk-1.0.16/.ivy/cache/com.liferay/com.liferay.ant.heap.dump/ivy-1.0.0.xml" searched="true" original-local-location="/Users/greg/tmp/com.liferay.portal.plugins.sdk-1.0.16/.ivy/cache/com.liferay/com.liferay.ant.heap.dump/ivy-1.0.0.xml.original" origin-is-local="false" origin-location="https://cdn.lfrs.sl/repository.liferay.com/nexus/content/groups/public/com/liferay/com.liferay.ant.heap.dump/1.0.0/com.liferay.ant.heap.dump-1.0.0.pom"/>
				<caller organisation="com.liferay" name="com.liferay.sdk.dependencies.com.liferay.ant.heap.dump" conf="default" rev="1.0.0" rev-constraint-default="1.0.0" rev-constraint-dynamic="1.0.0" callerrev="working@guaige-2.local"/>
				<artifacts>
					<artifact name="com.liferay.ant.heap.dump" type="jar" ext="jar" status="successful" details="" size="665002" time="1048" location="/Users/greg/tmp/com.liferay.portal.plugins.sdk-1.0.16/.ivy/cache/com.liferay/com.liferay.ant.heap.dump/jars/com.liferay.ant.heap.dump-1.0.0.jar">
						<origin-location is-local="false" location="https://cdn.lfrs.sl/repository.liferay.com/nexus/content/groups/public/com/liferay/com.liferay.ant.heap.dump/1.0.0/com.liferay.ant.heap.dump-1.0.0.jar"/>
					</artifact>
				</artifacts>
			</revision>
		</module>
		<module organisation="org.apache.ant" name="ant">
			<revision name="1.9.4" status="release" pubdate="20171026154249" resolver="local-m2" artresolver="default" homepage="http://ant.apache.org/" downloaded="true" searched="true" default="false" conf="master(*), compile, runtime(*), runtime, compile(*), master" position="1">
				<metadata-artifact status="successful" details="" size="9625" time="3" location="/Users/greg/tmp/com.liferay.portal.plugins.sdk-1.0.16/.ivy/cache/org.apache.ant/ant/ivy-1.9.4.xml" searched="true" original-local-location="/Users/greg/tmp/com.liferay.portal.plugins.sdk-1.0.16/.ivy/cache/org.apache.ant/ant/ivy-1.9.4.xml.original" origin-is-local="true" origin-location="file:/Users/greg/.m2/repository/org/apache/ant/ant/1.9.4/ant-1.9.4.pom"/>
				<caller organisation="com.liferay" name="com.liferay.ant.heap.dump" conf="default, compile, runtime, master" rev="1.9.4" rev-constraint-default="1.9.4" rev-constraint-dynamic="1.9.4" callerrev="1.0.0"/>
				<artifacts>
					<artifact name="ant" type="jar" ext="jar" status="successful" details="" size="2019274" time="26" location="/Users/greg/tmp/com.liferay.portal.plugins.sdk-1.0.16/.ivy/cache/org.apache.ant/ant/jars/ant-1.9.4.jar">
						<origin-location is-local="true" location="file:/Users/greg/.m2/repository/org/apache/ant/ant/1.9.4/ant-1.9.4.jar"/>
					</artifact>
				</artifacts>
			</revision>
		</module>
		<module organisation="org.apache.ant" name="ant-launcher">
			<revision name="1.9.4" status="release" pubdate="20171026154249" resolver="local-m2" artresolver="default" homepage="http://ant.apache.org/" downloaded="true" searched="true" default="false" conf="master(*), compile, runtime(*), runtime, compile(*), master" position="2">
				<metadata-artifact status="successful" details="" size="2335" time="2" location="/Users/greg/tmp/com.liferay.portal.plugins.sdk-1.0.16/.ivy/cache/org.apache.ant/ant-launcher/ivy-1.9.4.xml" searched="true" original-local-location="/Users/greg/tmp/com.liferay.portal.plugins.sdk-1.0.16/.ivy/cache/org.apache.ant/ant-launcher/ivy-1.9.4.xml.original" origin-is-local="true" origin-location="file:/Users/greg/.m2/repository/org/apache/ant/ant-launcher/1.9.4/ant-launcher-1.9.4.pom"/>
				<caller organisation="org.apache.ant" name="ant" conf="compile, runtime" rev="1.9.4" rev-constraint-default="1.9.4" rev-constraint-dynamic="1.9.4" callerrev="1.9.4"/>
				<artifacts>
					<artifact name="ant-launcher" type="jar" ext="jar" status="successful" details="" size="18381" time="2" location="/Users/greg/tmp/com.liferay.portal.plugins.sdk-1.0.16/.ivy/cache/org.apache.ant/ant-launcher/jars/ant-launcher-1.9.4.jar">
						<origin-location is-local="true" location="file:/Users/greg/.m2/repository/org/apache/ant/ant-launcher/1.9.4/ant-launcher-1.9.4.jar"/>
					</artifact>
				</artifacts>
			</revision>
		</module>
	</dependencies>
</ivy-report>
