<?xml version="1.0" encoding="UTF-8"?>
<?xml-stylesheet type="text/xsl" href="ivy-report.xsl"?>
<ivy-report version="1.0">
	<info
		organisation="com.liferay"
		module="com.liferay.sdk.dependencies.org.freemarker"
		revision="working@guaige-2.local"
		conf="default"
		confs="default, internal, provided"
		date="20180925144125"/>
	<dependencies>
		<module organisation="com.liferay" name="org.freemarker">
			<revision name="2.3.17.LIFERAY-PATCHED-1" status="release" pubdate="20150109162900" resolver="liferay-public" artresolver="default" homepage="" downloaded="true" searched="true" default="false" conf="default, compile, runtime, master" position="0">
				<license name="LGPL 2.1" url="http://www.gnu.org/licenses/old-licenses/lgpl-2.1.txt"/>
				<metadata-artifact status="successful" details="" size="1278" time="239" location="/Users/greg/tmp/com.liferay.portal.plugins.sdk-1.0.16/.ivy/cache/com.liferay/org.freemarker/ivy-2.3.17.LIFERAY-PATCHED-1.xml" searched="true" original-local-location="/Users/greg/tmp/com.liferay.portal.plugins.sdk-1.0.16/.ivy/cache/com.liferay/org.freemarker/ivy-2.3.17.LIFERAY-PATCHED-1.xml.original" origin-is-local="false" origin-location="https://cdn.lfrs.sl/repository.liferay.com/nexus/content/groups/public/com/liferay/org.freemarker/2.3.17.LIFERAY-PATCHED-1/org.freemarker-2.3.17.LIFERAY-PATCHED-1.pom"/>
				<caller organisation="com.liferay" name="com.liferay.sdk.dependencies.org.freemarker" conf="default" rev="2.3.17.LIFERAY-PATCHED-1" rev-constraint-default="2.3.17.LIFERAY-PATCHED-1" rev-constraint-dynamic="2.3.17.LIFERAY-PATCHED-1" callerrev="working@guaige-2.local"/>
				<artifacts>
					<artifact name="org.freemarker" type="jar" ext="jar" status="successful" details="" size="936509" time="546" location="/Users/greg/tmp/com.liferay.portal.plugins.sdk-1.0.16/.ivy/cache/com.liferay/org.freemarker/jars/org.freemarker-2.3.17.LIFERAY-PATCHED-1.jar">
						<origin-location is-local="false" location="https://cdn.lfrs.sl/repository.liferay.com/nexus/content/groups/public/com/liferay/org.freemarker/2.3.17.LIFERAY-PATCHED-1/org.freemarker-2.3.17.LIFERAY-PATCHED-1.jar"/>
					</artifact>
				</artifacts>
			</revision>
		</module>
	</dependencies>
</ivy-report>
