<?xml version="1.0" encoding="UTF-8"?>
<?xml-stylesheet type="text/xsl" href="ivy-report.xsl"?>
<ivy-report version="1.0">
	<info
		organisation="com.liferay"
		module="com.liferay.sdk"
		revision="working@guaige-2.local"
		conf="default"
		confs="default, internal, provided"
		date="20180925134547"/>
	<dependencies>
		<module organisation="xerces" name="xercesImpl">
			<revision name="2.10.0" status="release" pubdate="20110815173238" resolver="liferay-public" artresolver="default" homepage="https://xerces.apache.org/xerces2-j/" downloaded="true" searched="true" default="false" conf="default, compile, runtime, master" position="21">
				<license name="The Apache Software License, Version 2.0" url="http://www.apache.org/licenses/LICENSE-2.0.txt"/>
				<metadata-artifact status="successful" details="" size="3200" time="587" location="/Users/greg/tmp/com.liferay.portal.plugins.sdk-1.0.16/.ivy/cache/xerces/xercesImpl/ivy-2.10.0.xml" searched="true" original-local-location="/Users/greg/tmp/com.liferay.portal.plugins.sdk-1.0.16/.ivy/cache/xerces/xercesImpl/ivy-2.10.0.xml.original" origin-is-local="false" origin-location="https://cdn.lfrs.sl/repository.liferay.com/nexus/content/groups/public/xerces/xercesImpl/2.10.0/xercesImpl-2.10.0.pom"/>
				<caller organisation="com.liferay" name="com.liferay.sdk" conf="default" rev="2.10.0" rev-constraint-default="2.10.0" rev-constraint-dynamic="2.10.0" callerrev="working@guaige-2.local"/>
				<artifacts>
					<artifact name="xercesImpl" type="jar" ext="jar" status="successful" details="" size="1363159" time="912" location="/Users/greg/tmp/com.liferay.portal.plugins.sdk-1.0.16/.ivy/cache/xerces/xercesImpl/jars/xercesImpl-2.10.0.jar">
						<origin-location is-local="false" location="https://cdn.lfrs.sl/repository.liferay.com/nexus/content/groups/public/xerces/xercesImpl/2.10.0/xercesImpl-2.10.0.jar"/>
					</artifact>
				</artifacts>
			</revision>
		</module>
		<module organisation="xml-apis" name="xml-apis">
			<revision name="1.4.01" status="release" pubdate="20171215090002" resolver="local-m2" artresolver="default" homepage="http://xml.apache.org/commons/components/external/" downloaded="true" searched="true" default="false" conf="default, master(*), compile, runtime(*), runtime, compile(*), master" position="22">
				<license name="The Apache Software License, Version 2.0" url="http://www.apache.org/licenses/LICENSE-2.0.txt"/>
				<license name="The SAX License" url="http://www.saxproject.org/copying.html"/>
				<license name="The W3C License" url="http://www.w3.org/TR/2004/REC-DOM-Level-3-Core-20040407/java-binding.zip"/>
				<metadata-artifact status="successful" details="" size="2661" time="3" location="/Users/greg/tmp/com.liferay.portal.plugins.sdk-1.0.16/.ivy/cache/xml-apis/xml-apis/ivy-1.4.01.xml" searched="true" original-local-location="/Users/greg/tmp/com.liferay.portal.plugins.sdk-1.0.16/.ivy/cache/xml-apis/xml-apis/ivy-1.4.01.xml.original" origin-is-local="true" origin-location="file:/Users/greg/.m2/repository/xml-apis/xml-apis/1.4.01/xml-apis-1.4.01.pom"/>
				<caller organisation="xerces" name="xercesImpl" conf="default, compile, runtime, master" rev="1.4.01" rev-constraint-default="1.4.01" rev-constraint-dynamic="1.4.01" callerrev="2.10.0"/>
				<caller organisation="xalan" name="serializer" conf="default, compile, runtime, master" rev="1.3.04" rev-constraint-default="1.3.04" rev-constraint-dynamic="1.3.04" callerrev="2.7.1"/>
				<caller organisation="com.liferay" name="com.liferay.sdk" conf="default" rev="1.4.01" rev-constraint-default="1.4.01" rev-constraint-dynamic="1.4.01" callerrev="working@guaige-2.local"/>
				<artifacts>
					<artifact name="xml-apis" type="jar" ext="jar" status="successful" details="" size="220536" time="5" location="/Users/greg/tmp/com.liferay.portal.plugins.sdk-1.0.16/.ivy/cache/xml-apis/xml-apis/jars/xml-apis-1.4.01.jar">
						<origin-location is-local="true" location="file:/Users/greg/.m2/repository/xml-apis/xml-apis/1.4.01/xml-apis-1.4.01.jar"/>
					</artifact>
				</artifacts>
			</revision>
			<revision name="1.3.04" evicted="latest-revision" evicted-reason="" downloaded="false" searched="false" conf="master(*), runtime(*), compile(*)" position="-1">
				<evicted-by rev="1.4.01"/>
				<caller organisation="xalan" name="serializer" conf="default, compile, runtime, master" rev="1.3.04" rev-constraint-default="1.3.04" rev-constraint-dynamic="1.3.04" callerrev="2.7.1"/>
				<artifacts>
				</artifacts>
			</revision>
		</module>
		<module organisation="xalan" name="xalan">
			<revision name="2.7.1" status="release" pubdate="20080930030254" resolver="liferay-public" artresolver="default" homepage="http://xml.apache.org/xalan-j/" downloaded="true" searched="true" default="false" conf="default, compile, runtime, master" position="20">
				<metadata-artifact status="successful" details="" size="1277" time="534" location="/Users/greg/tmp/com.liferay.portal.plugins.sdk-1.0.16/.ivy/cache/xalan/xalan/ivy-2.7.1.xml" searched="true" original-local-location="/Users/greg/tmp/com.liferay.portal.plugins.sdk-1.0.16/.ivy/cache/xalan/xalan/ivy-2.7.1.xml.original" origin-is-local="false" origin-location="https://cdn.lfrs.sl/repository.liferay.com/nexus/content/groups/public/xalan/xalan/2.7.1/xalan-2.7.1.pom"/>
				<caller organisation="com.liferay" name="com.liferay.sdk" conf="default" rev="2.7.1" rev-constraint-default="2.7.1" rev-constraint-dynamic="2.7.1" callerrev="working@guaige-2.local"/>
				<artifacts>
					<artifact name="xalan" type="jar" ext="jar" status="successful" details="" size="3176148" time="1753" location="/Users/greg/tmp/com.liferay.portal.plugins.sdk-1.0.16/.ivy/cache/xalan/xalan/jars/xalan-2.7.1.jar">
						<origin-location is-local="false" location="https://cdn.lfrs.sl/repository.liferay.com/nexus/content/groups/public/xalan/xalan/2.7.1/xalan-2.7.1.jar"/>
					</artifact>
				</artifacts>
			</revision>
		</module>
		<module organisation="xalan" name="serializer">
			<revision name="2.7.1" status="release" pubdate="20080930030254" resolver="liferay-public" artresolver="default" homepage="http://xml.apache.org/xalan-j/" downloaded="true" searched="true" default="false" conf="default, master(*), compile, runtime(*), runtime, compile(*), master" position="19">
				<metadata-artifact status="successful" details="" size="1093" time="2110" location="/Users/greg/tmp/com.liferay.portal.plugins.sdk-1.0.16/.ivy/cache/xalan/serializer/ivy-2.7.1.xml" searched="true" original-local-location="/Users/greg/tmp/com.liferay.portal.plugins.sdk-1.0.16/.ivy/cache/xalan/serializer/ivy-2.7.1.xml.original" origin-is-local="false" origin-location="https://cdn.lfrs.sl/repository.liferay.com/nexus/content/groups/public/xalan/serializer/2.7.1/serializer-2.7.1.pom"/>
				<caller organisation="com.liferay" name="com.liferay.sdk" conf="default" rev="2.7.1" rev-constraint-default="2.7.1" rev-constraint-dynamic="2.7.1" callerrev="working@guaige-2.local"/>
				<caller organisation="xalan" name="xalan" conf="default, compile, runtime, master" rev="2.7.1" rev-constraint-default="2.7.1" rev-constraint-dynamic="2.7.1" callerrev="2.7.1"/>
				<artifacts>
					<artifact name="serializer" type="jar" ext="jar" status="successful" details="" size="278281" time="491" location="/Users/greg/tmp/com.liferay.portal.plugins.sdk-1.0.16/.ivy/cache/xalan/serializer/jars/serializer-2.7.1.jar">
						<origin-location is-local="false" location="https://cdn.lfrs.sl/repository.liferay.com/nexus/content/groups/public/xalan/serializer/2.7.1/serializer-2.7.1.jar"/>
					</artifact>
				</artifacts>
			</revision>
		</module>
		<module organisation="com.thoughtworks.qdox" name="qdox">
			<revision name="1.12.1" status="release" pubdate="20171102161758" resolver="local-m2" artresolver="default" homepage="http://qdox.codehaus.org" downloaded="true" searched="true" default="false" conf="default, compile, runtime, master" position="18">
				<license name="The Apache Software License, Version 2.0" url="http://www.apache.org/licenses/LICENSE-2.0.txt"/>
				<metadata-artifact status="successful" details="" size="17598" time="6" location="/Users/greg/tmp/com.liferay.portal.plugins.sdk-1.0.16/.ivy/cache/com.thoughtworks.qdox/qdox/ivy-1.12.1.xml" searched="true" original-local-location="/Users/greg/tmp/com.liferay.portal.plugins.sdk-1.0.16/.ivy/cache/com.thoughtworks.qdox/qdox/ivy-1.12.1.xml.original" origin-is-local="true" origin-location="file:/Users/greg/.m2/repository/com/thoughtworks/qdox/qdox/1.12.1/qdox-1.12.1.pom"/>
				<caller organisation="com.liferay" name="com.liferay.sdk" conf="default" rev="1.12.1" rev-constraint-default="1.12.1" rev-constraint-dynamic="1.12.1" callerrev="working@guaige-2.local"/>
				<artifacts>
					<artifact name="qdox" type="jar" ext="jar" status="successful" details="" size="179818" time="4" location="/Users/greg/tmp/com.liferay.portal.plugins.sdk-1.0.16/.ivy/cache/com.thoughtworks.qdox/qdox/jars/qdox-1.12.1.jar">
						<origin-location is-local="true" location="file:/Users/greg/.m2/repository/com/thoughtworks/qdox/qdox/1.12.1/qdox-1.12.1.jar"/>
					</artifact>
				</artifacts>
			</revision>
		</module>
		<module organisation="com.liferay" name="net.sf.jargs">
			<revision name="1.0" status="release" pubdate="20140519192551" resolver="liferay-public" artresolver="default" homepage="" downloaded="true" searched="true" default="false" conf="default, compile, runtime, master" position="17">
				<metadata-artifact status="successful" details="" size="457" time="578" location="/Users/greg/tmp/com.liferay.portal.plugins.sdk-1.0.16/.ivy/cache/com.liferay/net.sf.jargs/ivy-1.0.xml" searched="true" original-local-location="/Users/greg/tmp/com.liferay.portal.plugins.sdk-1.0.16/.ivy/cache/com.liferay/net.sf.jargs/ivy-1.0.xml.original" origin-is-local="false" origin-location="https://cdn.lfrs.sl/repository.liferay.com/nexus/content/groups/public/com/liferay/net.sf.jargs/1.0/net.sf.jargs-1.0.pom"/>
				<caller organisation="com.liferay" name="com.liferay.sdk" conf="default" rev="1.0" rev-constraint-default="1.0" rev-constraint-dynamic="1.0" callerrev="working@guaige-2.local"/>
				<artifacts>
					<artifact name="net.sf.jargs" type="jar" ext="jar" status="successful" details="" size="11406" time="369" location="/Users/greg/tmp/com.liferay.portal.plugins.sdk-1.0.16/.ivy/cache/com.liferay/net.sf.jargs/jars/net.sf.jargs-1.0.jar">
						<origin-location is-local="false" location="https://cdn.lfrs.sl/repository.liferay.com/nexus/content/groups/public/com/liferay/net.sf.jargs/1.0/net.sf.jargs-1.0.jar"/>
					</artifact>
				</artifacts>
			</revision>
		</module>
		<module organisation="javax.mail" name="mail">
			<revision name="1.4" status="release" pubdate="20171117110930" resolver="local-m2" artresolver="default" homepage="https://glassfish.dev.java.net/javaee5/mail/" downloaded="true" searched="true" default="false" conf="default, compile, runtime, master" position="16">
				<license name="Common Development and Distribution License (CDDL) v1.0" url="https://glassfish.dev.java.net/public/CDDLv1.0.html"/>
				<metadata-artifact status="successful" details="" size="993" time="2" location="/Users/greg/tmp/com.liferay.portal.plugins.sdk-1.0.16/.ivy/cache/javax.mail/mail/ivy-1.4.xml" searched="true" original-local-location="/Users/greg/tmp/com.liferay.portal.plugins.sdk-1.0.16/.ivy/cache/javax.mail/mail/ivy-1.4.xml.original" origin-is-local="true" origin-location="file:/Users/greg/.m2/repository/javax/mail/mail/1.4/mail-1.4.pom"/>
				<caller organisation="com.liferay" name="com.liferay.sdk" conf="default" rev="1.4" rev-constraint-default="1.4" rev-constraint-dynamic="1.4" callerrev="working@guaige-2.local"/>
				<artifacts>
					<artifact name="mail" type="jar" ext="jar" status="successful" details="" size="388864" time="7" location="/Users/greg/tmp/com.liferay.portal.plugins.sdk-1.0.16/.ivy/cache/javax.mail/mail/jars/mail-1.4.jar">
						<origin-location is-local="true" location="file:/Users/greg/.m2/repository/javax/mail/mail/1.4/mail-1.4.jar"/>
					</artifact>
				</artifacts>
			</revision>
		</module>
		<module organisation="log4j" name="log4j">
			<revision name="1.2.16" status="release" pubdate="20100330232544" resolver="liferay-public" artresolver="default" homepage="http://logging.apache.org/log4j/1.2/" downloaded="true" searched="true" default="false" conf="default, compile, runtime, master, master(*), runtime(*), compile(*)" position="15">
				<license name="The Apache Software License, Version 2.0" url="http://www.apache.org/licenses/LICENSE-2.0.txt"/>
				<metadata-artifact status="successful" details="" size="20340" time="578" location="/Users/greg/tmp/com.liferay.portal.plugins.sdk-1.0.16/.ivy/cache/log4j/log4j/ivy-1.2.16.xml" searched="true" original-local-location="/Users/greg/tmp/com.liferay.portal.plugins.sdk-1.0.16/.ivy/cache/log4j/log4j/ivy-1.2.16.xml.original" origin-is-local="false" origin-location="https://cdn.lfrs.sl/repository.liferay.com/nexus/content/groups/public/log4j/log4j/1.2.16/log4j-1.2.16.pom"/>
				<caller organisation="jalopy" name="jalopy" conf="default, compile, runtime, master" rev="1.2.8" rev-constraint-default="1.2.8" rev-constraint-dynamic="1.2.8" callerrev="1.5rc3"/>
				<caller organisation="com.liferay" name="com.liferay.sdk" conf="default" rev="1.2.16" rev-constraint-default="1.2.16" rev-constraint-dynamic="1.2.16" callerrev="working@guaige-2.local"/>
				<artifacts>
					<artifact name="log4j" type="bundle" ext="jar" status="successful" details="" size="481535" time="580" location="/Users/greg/tmp/com.liferay.portal.plugins.sdk-1.0.16/.ivy/cache/log4j/log4j/bundles/log4j-1.2.16.jar">
						<origin-location is-local="false" location="https://cdn.lfrs.sl/repository.liferay.com/nexus/content/groups/public/log4j/log4j/1.2.16/log4j-1.2.16.jar"/>
					</artifact>
				</artifacts>
			</revision>
			<revision name="1.2.8" evicted="latest-revision" evicted-reason="" downloaded="false" searched="false" conf="master(*), runtime(*), compile(*)" position="-1">
				<evicted-by rev="1.2.16"/>
				<caller organisation="jalopy" name="jalopy" conf="default, compile, runtime, master" rev="1.2.8" rev-constraint-default="1.2.8" rev-constraint-dynamic="1.2.8" callerrev="1.5rc3"/>
				<artifacts>
				</artifacts>
			</revision>
		</module>
		<module organisation="javax.servlet.jsp" name="jsp-api">
			<revision name="2.1" status="release" pubdate="20171117110928" resolver="local-m2" artresolver="default" homepage="" downloaded="true" searched="true" default="false" conf="default, compile, runtime, master" position="14">
				<metadata-artifact status="successful" details="" size="157" time="3" location="/Users/greg/tmp/com.liferay.portal.plugins.sdk-1.0.16/.ivy/cache/javax.servlet.jsp/jsp-api/ivy-2.1.xml" searched="true" original-local-location="/Users/greg/tmp/com.liferay.portal.plugins.sdk-1.0.16/.ivy/cache/javax.servlet.jsp/jsp-api/ivy-2.1.xml.original" origin-is-local="true" origin-location="file:/Users/greg/.m2/repository/javax/servlet/jsp/jsp-api/2.1/jsp-api-2.1.pom"/>
				<caller organisation="com.liferay" name="com.liferay.sdk" conf="default" rev="2.1" rev-constraint-default="2.1" rev-constraint-dynamic="2.1" callerrev="working@guaige-2.local"/>
				<artifacts>
					<artifact name="jsp-api" type="jar" ext="jar" status="successful" details="" size="100636" time="4" location="/Users/greg/tmp/com.liferay.portal.plugins.sdk-1.0.16/.ivy/cache/javax.servlet.jsp/jsp-api/jars/jsp-api-2.1.jar">
						<origin-location is-local="true" location="file:/Users/greg/.m2/repository/javax/servlet/jsp/jsp-api/2.1/jsp-api-2.1.jar"/>
					</artifact>
				</artifacts>
			</revision>
		</module>
		<module organisation="javax.servlet" name="javax.servlet-api">
			<revision name="3.0.1" status="release" pubdate="20171026154225" resolver="local-m2" artresolver="default" homepage="http://servlet-spec.java.net" downloaded="true" searched="true" default="false" conf="default, compile, runtime, master" position="13">
				<license name="CDDL + GPLv2 with classpath exception" url="https://glassfish.dev.java.net/nonav/public/CDDL+GPL.html"/>
				<metadata-artifact status="successful" details="" size="12633" time="3" location="/Users/greg/tmp/com.liferay.portal.plugins.sdk-1.0.16/.ivy/cache/javax.servlet/javax.servlet-api/ivy-3.0.1.xml" searched="true" original-local-location="/Users/greg/tmp/com.liferay.portal.plugins.sdk-1.0.16/.ivy/cache/javax.servlet/javax.servlet-api/ivy-3.0.1.xml.original" origin-is-local="true" origin-location="file:/Users/greg/.m2/repository/javax/servlet/javax.servlet-api/3.0.1/javax.servlet-api-3.0.1.pom"/>
				<caller organisation="com.liferay" name="com.liferay.sdk" conf="default" rev="3.0.1" rev-constraint-default="3.0.1" rev-constraint-dynamic="3.0.1" callerrev="working@guaige-2.local"/>
				<artifacts>
					<artifact name="javax.servlet-api" type="jar" ext="jar" status="successful" details="" size="85353" time="4" location="/Users/greg/tmp/com.liferay.portal.plugins.sdk-1.0.16/.ivy/cache/javax.servlet/javax.servlet-api/jars/javax.servlet-api-3.0.1.jar">
						<origin-location is-local="true" location="file:/Users/greg/.m2/repository/javax/servlet/javax.servlet-api/3.0.1/javax.servlet-api-3.0.1.jar"/>
					</artifact>
				</artifacts>
			</revision>
		</module>
		<module organisation="jalopy" name="jalopy">
			<revision name="1.5rc3" status="release" pubdate="20171101090400" resolver="local-m2" artresolver="default" homepage="http://jalopy.sf.net" downloaded="true" searched="true" default="false" conf="default, compile, runtime, master" position="12">
				<license name="BSD license" url="http://www.opensource.org/licenses/bsd-license.php"/>
				<metadata-artifact status="successful" details="" size="828" time="2" location="/Users/greg/tmp/com.liferay.portal.plugins.sdk-1.0.16/.ivy/cache/jalopy/jalopy/ivy-1.5rc3.xml" searched="true" original-local-location="/Users/greg/tmp/com.liferay.portal.plugins.sdk-1.0.16/.ivy/cache/jalopy/jalopy/ivy-1.5rc3.xml.original" origin-is-local="true" origin-location="file:/Users/greg/.m2/repository/jalopy/jalopy/1.5rc3/jalopy-1.5rc3.pom"/>
				<caller organisation="com.liferay" name="com.liferay.sdk" conf="default" rev="1.5rc3" rev-constraint-default="1.5rc3" rev-constraint-dynamic="1.5rc3" callerrev="working@guaige-2.local"/>
				<artifacts>
					<artifact name="jalopy" type="jar" ext="jar" status="successful" details="" size="1335669" time="14" location="/Users/greg/tmp/com.liferay.portal.plugins.sdk-1.0.16/.ivy/cache/jalopy/jalopy/jars/jalopy-1.5rc3.jar">
						<origin-location is-local="true" location="file:/Users/greg/.m2/repository/jalopy/jalopy/1.5rc3/jalopy-1.5rc3.jar"/>
					</artifact>
				</artifacts>
			</revision>
		</module>
		<module organisation="com.google.errorprone" name="error_prone_ant">
			<revision name="1.0.8" status="release" pubdate="20131120204455" resolver="liferay-public" artresolver="default" homepage="" downloaded="true" searched="true" default="false" conf="default, compile, runtime, master" position="11">
				<metadata-artifact status="successful" details="" size="1427" time="556" location="/Users/greg/tmp/com.liferay.portal.plugins.sdk-1.0.16/.ivy/cache/com.google.errorprone/error_prone_ant/ivy-1.0.8.xml" searched="true" original-local-location="/Users/greg/tmp/com.liferay.portal.plugins.sdk-1.0.16/.ivy/cache/com.google.errorprone/error_prone_ant/ivy-1.0.8.xml.original" origin-is-local="false" origin-location="https://cdn.lfrs.sl/repository.liferay.com/nexus/content/groups/public/com/google/errorprone/error_prone_ant/1.0.8/error_prone_ant-1.0.8.pom"/>
				<caller organisation="com.liferay" name="com.liferay.sdk" conf="default" rev="1.0.8" rev-constraint-default="1.0.8" rev-constraint-dynamic="1.0.8" callerrev="working@guaige-2.local"/>
				<artifacts>
					<artifact name="error_prone_ant" type="jar" ext="jar" status="successful" details="" size="357699" time="517" location="/Users/greg/tmp/com.liferay.portal.plugins.sdk-1.0.16/.ivy/cache/com.google.errorprone/error_prone_ant/jars/error_prone_ant-1.0.8.jar">
						<origin-location is-local="false" location="https://cdn.lfrs.sl/repository.liferay.com/nexus/content/groups/public/com/google/errorprone/error_prone_ant/1.0.8/error_prone_ant-1.0.8.jar"/>
					</artifact>
				</artifacts>
			</revision>
		</module>
		<module organisation="commons-logging" name="commons-logging">
			<revision name="1.1.1" status="release" pubdate="20171031204941" resolver="local-m2" artresolver="default" homepage="http://commons.apache.org/logging" downloaded="true" searched="true" default="false" conf="default, compile, runtime, master, master(*), runtime(*), compile(*)" position="10">
				<metadata-artifact status="successful" details="" size="18365" time="3" location="/Users/greg/tmp/com.liferay.portal.plugins.sdk-1.0.16/.ivy/cache/commons-logging/commons-logging/ivy-1.1.1.xml" searched="true" original-local-location="/Users/greg/tmp/com.liferay.portal.plugins.sdk-1.0.16/.ivy/cache/commons-logging/commons-logging/ivy-1.1.1.xml.original" origin-is-local="true" origin-location="file:/Users/greg/.m2/repository/commons-logging/commons-logging/1.1.1/commons-logging-1.1.1.pom"/>
				<caller organisation="bsf" name="bsf" conf="default, compile, runtime, master" rev="1.0.4" rev-constraint-default="1.0.4" rev-constraint-dynamic="1.0.4" callerrev="2.4.0"/>
				<caller organisation="com.liferay" name="com.liferay.sdk" conf="default" rev="1.1.1" rev-constraint-default="1.1.1" rev-constraint-dynamic="1.1.1" callerrev="working@guaige-2.local"/>
				<artifacts>
					<artifact name="commons-logging" type="jar" ext="jar" status="successful" details="" size="60686" time="4" location="/Users/greg/tmp/com.liferay.portal.plugins.sdk-1.0.16/.ivy/cache/commons-logging/commons-logging/jars/commons-logging-1.1.1.jar">
						<origin-location is-local="true" location="file:/Users/greg/.m2/repository/commons-logging/commons-logging/1.1.1/commons-logging-1.1.1.jar"/>
					</artifact>
				</artifacts>
			</revision>
			<revision name="1.0.4" evicted="latest-revision" evicted-reason="" downloaded="false" searched="false" conf="master(*), runtime(*), compile(*)" position="-1">
				<evicted-by rev="1.1.1"/>
				<caller organisation="bsf" name="bsf" conf="default, compile, runtime, master" rev="1.0.4" rev-constraint-default="1.0.4" rev-constraint-dynamic="1.0.4" callerrev="2.4.0"/>
				<artifacts>
				</artifacts>
			</revision>
		</module>
		<module organisation="javax.ccpp" name="ccpp">
			<revision name="1.0" status="release" pubdate="20070910161112" resolver="liferay-public" artresolver="default" homepage="http://www.jcp.org/en/jsr/detail?id=188" downloaded="true" searched="true" default="false" conf="default, compile, runtime, master" position="9">
				<license name="Sun Microsystems, Inc. Binary Code License Agreement" url="http://java.sun.com/j2ee/ccpp"/>
				<metadata-artifact status="successful" details="" size="884" time="585" location="/Users/greg/tmp/com.liferay.portal.plugins.sdk-1.0.16/.ivy/cache/javax.ccpp/ccpp/ivy-1.0.xml" searched="true" original-local-location="/Users/greg/tmp/com.liferay.portal.plugins.sdk-1.0.16/.ivy/cache/javax.ccpp/ccpp/ivy-1.0.xml.original" origin-is-local="false" origin-location="https://cdn.lfrs.sl/repository.liferay.com/nexus/content/groups/public/javax/ccpp/ccpp/1.0/ccpp-1.0.pom"/>
				<caller organisation="com.liferay" name="com.liferay.sdk" conf="default" rev="1.0" rev-constraint-default="1.0" rev-constraint-dynamic="1.0" callerrev="working@guaige-2.local"/>
				<artifacts>
					<artifact name="ccpp" type="jar" ext="jar" status="successful" details="" size="15048" time="382" location="/Users/greg/tmp/com.liferay.portal.plugins.sdk-1.0.16/.ivy/cache/javax.ccpp/ccpp/jars/ccpp-1.0.jar">
						<origin-location is-local="false" location="https://cdn.lfrs.sl/repository.liferay.com/nexus/content/groups/public/javax/ccpp/ccpp/1.0/ccpp-1.0.jar"/>
					</artifact>
				</artifacts>
			</revision>
		</module>
		<module organisation="org.beanshell" name="bsh">
			<revision name="2.0b4" status="release" pubdate="20171106111258" resolver="local-m2" artresolver="default" homepage="" downloaded="true" searched="true" default="false" conf="default, compile, runtime, master" position="8">
				<metadata-artifact status="successful" details="" size="1195" time="3" location="/Users/greg/tmp/com.liferay.portal.plugins.sdk-1.0.16/.ivy/cache/org.beanshell/bsh/ivy-2.0b4.xml" searched="true" original-local-location="/Users/greg/tmp/com.liferay.portal.plugins.sdk-1.0.16/.ivy/cache/org.beanshell/bsh/ivy-2.0b4.xml.original" origin-is-local="true" origin-location="file:/Users/greg/.m2/repository/org/beanshell/bsh/2.0b4/bsh-2.0b4.pom"/>
				<caller organisation="com.liferay" name="com.liferay.sdk" conf="default" rev="2.0b4" rev-constraint-default="2.0b4" rev-constraint-dynamic="2.0b4" callerrev="working@guaige-2.local"/>
				<artifacts>
					<artifact name="bsh" type="jar" ext="jar" status="successful" details="" size="281694" time="6" location="/Users/greg/tmp/com.liferay.portal.plugins.sdk-1.0.16/.ivy/cache/org.beanshell/bsh/jars/bsh-2.0b4.jar">
						<origin-location is-local="true" location="file:/Users/greg/.m2/repository/org/beanshell/bsh/2.0b4/bsh-2.0b4.jar"/>
					</artifact>
				</artifacts>
			</revision>
		</module>
		<module organisation="org.bouncycastle" name="bcpg-jdk16">
			<revision name="1.46" status="release" pubdate="20110222221039" resolver="liferay-public" artresolver="default" homepage="http://www.bouncycastle.org/java.html" downloaded="true" searched="true" default="false" conf="default, compile, runtime, master" position="6">
				<license name="Bouncy Castle Licence" url="http://www.bouncycastle.org/licence.html"/>
				<license name="Apache Software License, Version 1.1" url="http://www.apache.org/licenses/LICENSE-1.1"/>
				<metadata-artifact status="successful" details="" size="1259" time="575" location="/Users/greg/tmp/com.liferay.portal.plugins.sdk-1.0.16/.ivy/cache/org.bouncycastle/bcpg-jdk16/ivy-1.46.xml" searched="true" original-local-location="/Users/greg/tmp/com.liferay.portal.plugins.sdk-1.0.16/.ivy/cache/org.bouncycastle/bcpg-jdk16/ivy-1.46.xml.original" origin-is-local="false" origin-location="https://cdn.lfrs.sl/repository.liferay.com/nexus/content/groups/public/org/bouncycastle/bcpg-jdk16/1.46/bcpg-jdk16-1.46.pom"/>
				<caller organisation="com.liferay" name="com.liferay.sdk" conf="default" rev="1.46" rev-constraint-default="1.46" rev-constraint-dynamic="1.46" callerrev="working@guaige-2.local"/>
				<artifacts>
					<artifact name="bcpg-jdk16" type="jar" ext="jar" status="successful" details="" size="174074" time="481" location="/Users/greg/tmp/com.liferay.portal.plugins.sdk-1.0.16/.ivy/cache/org.bouncycastle/bcpg-jdk16/jars/bcpg-jdk16-1.46.jar">
						<origin-location is-local="false" location="https://cdn.lfrs.sl/repository.liferay.com/nexus/content/groups/public/org/bouncycastle/bcpg-jdk16/1.46/bcpg-jdk16-1.46.jar"/>
					</artifact>
				</artifacts>
			</revision>
		</module>
		<module organisation="org.bouncycastle" name="bcprov-jdk16">
			<revision name="1.46" status="release" pubdate="20110222220414" resolver="liferay-public" artresolver="default" homepage="http://www.bouncycastle.org/java.html" downloaded="true" searched="true" default="false" conf="default, master(*), compile, runtime(*), runtime, compile(*), master" position="7">
				<license name="Bouncy Castle Licence" url="http://www.bouncycastle.org/licence.html"/>
				<metadata-artifact status="successful" details="" size="819" time="584" location="/Users/greg/tmp/com.liferay.portal.plugins.sdk-1.0.16/.ivy/cache/org.bouncycastle/bcprov-jdk16/ivy-1.46.xml" searched="true" original-local-location="/Users/greg/tmp/com.liferay.portal.plugins.sdk-1.0.16/.ivy/cache/org.bouncycastle/bcprov-jdk16/ivy-1.46.xml.original" origin-is-local="false" origin-location="https://cdn.lfrs.sl/repository.liferay.com/nexus/content/groups/public/org/bouncycastle/bcprov-jdk16/1.46/bcprov-jdk16-1.46.pom"/>
				<caller organisation="org.bouncycastle" name="bcpg-jdk16" conf="default, compile, runtime, master" rev="1.46" rev-constraint-default="1.46" rev-constraint-dynamic="1.46" callerrev="1.46"/>
				<caller organisation="com.liferay" name="com.liferay.sdk" conf="default" rev="1.46" rev-constraint-default="1.46" rev-constraint-dynamic="1.46" callerrev="working@guaige-2.local"/>
				<artifacts>
					<artifact name="bcprov-jdk16" type="jar" ext="jar" status="successful" details="" size="1876535" time="1234" location="/Users/greg/tmp/com.liferay.portal.plugins.sdk-1.0.16/.ivy/cache/org.bouncycastle/bcprov-jdk16/jars/bcprov-jdk16-1.46.jar">
						<origin-location is-local="false" location="https://cdn.lfrs.sl/repository.liferay.com/nexus/content/groups/public/org/bouncycastle/bcprov-jdk16/1.46/bcprov-jdk16-1.46.jar"/>
					</artifact>
				</artifacts>
			</revision>
		</module>
		<module organisation="org.tigris.antelope" name="antelopetasks">
			<revision name="3.2.10" status="release" pubdate="20060125200341" resolver="liferay-public" artresolver="default" homepage="" downloaded="true" searched="true" default="false" conf="default, compile, runtime, master" position="5">
				<metadata-artifact status="successful" details="" size="167" time="669" location="/Users/greg/tmp/com.liferay.portal.plugins.sdk-1.0.16/.ivy/cache/org.tigris.antelope/antelopetasks/ivy-3.2.10.xml" searched="true" original-local-location="/Users/greg/tmp/com.liferay.portal.plugins.sdk-1.0.16/.ivy/cache/org.tigris.antelope/antelopetasks/ivy-3.2.10.xml.original" origin-is-local="false" origin-location="https://cdn.lfrs.sl/repository.liferay.com/nexus/content/groups/public/org/tigris/antelope/antelopetasks/3.2.10/antelopetasks-3.2.10.pom"/>
				<caller organisation="com.liferay" name="com.liferay.sdk" conf="default" rev="3.2.10" rev-constraint-default="3.2.10" rev-constraint-dynamic="3.2.10" callerrev="working@guaige-2.local"/>
				<artifacts>
					<artifact name="antelopetasks" type="jar" ext="jar" status="successful" details="" size="223711" time="644" location="/Users/greg/tmp/com.liferay.portal.plugins.sdk-1.0.16/.ivy/cache/org.tigris.antelope/antelopetasks/jars/antelopetasks-3.2.10.jar">
						<origin-location is-local="false" location="https://cdn.lfrs.sl/repository.liferay.com/nexus/content/groups/public/org/tigris/antelope/antelopetasks/3.2.10/antelopetasks-3.2.10.jar"/>
					</artifact>
				</artifacts>
			</revision>
		</module>
		<module organisation="org.apache.ant" name="ant-apache-bsf">
			<revision name="1.8.3" status="release" pubdate="20120226000614" resolver="liferay-public" artresolver="default" homepage="" downloaded="true" searched="true" default="false" conf="default, compile, runtime, master" position="1">
				<metadata-artifact status="successful" details="" size="3057" time="586" location="/Users/greg/tmp/com.liferay.portal.plugins.sdk-1.0.16/.ivy/cache/org.apache.ant/ant-apache-bsf/ivy-1.8.3.xml" searched="true" original-local-location="/Users/greg/tmp/com.liferay.portal.plugins.sdk-1.0.16/.ivy/cache/org.apache.ant/ant-apache-bsf/ivy-1.8.3.xml.original" origin-is-local="false" origin-location="https://cdn.lfrs.sl/repository.liferay.com/nexus/content/groups/public/org/apache/ant/ant-apache-bsf/1.8.3/ant-apache-bsf-1.8.3.pom"/>
				<caller organisation="com.liferay" name="com.liferay.sdk" conf="default" rev="1.8.3" rev-constraint-default="1.8.3" rev-constraint-dynamic="1.8.3" callerrev="working@guaige-2.local"/>
				<artifacts>
					<artifact name="ant-apache-bsf" type="jar" ext="jar" status="successful" details="" size="9737" time="395" location="/Users/greg/tmp/com.liferay.portal.plugins.sdk-1.0.16/.ivy/cache/org.apache.ant/ant-apache-bsf/jars/ant-apache-bsf-1.8.3.jar">
						<origin-location is-local="false" location="https://cdn.lfrs.sl/repository.liferay.com/nexus/content/groups/public/org/apache/ant/ant-apache-bsf/1.8.3/ant-apache-bsf-1.8.3.jar"/>
					</artifact>
				</artifacts>
			</revision>
		</module>
		<module organisation="bsf" name="bsf">
			<revision name="2.4.0" status="release" pubdate="20061020143351" resolver="liferay-public" artresolver="default" homepage="http://jakarta.apache.org/bsf" downloaded="true" searched="true" default="false" conf="default, master(*), compile, runtime(*), runtime, compile(*), master" position="4">
				<metadata-artifact status="successful" details="" size="1197" time="577" location="/Users/greg/tmp/com.liferay.portal.plugins.sdk-1.0.16/.ivy/cache/bsf/bsf/ivy-2.4.0.xml" searched="true" original-local-location="/Users/greg/tmp/com.liferay.portal.plugins.sdk-1.0.16/.ivy/cache/bsf/bsf/ivy-2.4.0.xml.original" origin-is-local="false" origin-location="https://cdn.lfrs.sl/repository.liferay.com/nexus/content/groups/public/bsf/bsf/2.4.0/bsf-2.4.0.pom"/>
				<caller organisation="com.liferay" name="com.liferay.sdk" conf="default" rev="2.4.0" rev-constraint-default="2.4.0" rev-constraint-dynamic="2.4.0" callerrev="working@guaige-2.local"/>
				<caller organisation="org.apache.ant" name="ant-apache-bsf" conf="default, compile, runtime, master" rev="2.4.0" rev-constraint-default="2.4.0" rev-constraint-dynamic="2.4.0" callerrev="1.8.3"/>
				<artifacts>
					<artifact name="bsf" type="jar" ext="jar" status="successful" details="" size="113369" time="434" location="/Users/greg/tmp/com.liferay.portal.plugins.sdk-1.0.16/.ivy/cache/bsf/bsf/jars/bsf-2.4.0.jar">
						<origin-location is-local="false" location="https://cdn.lfrs.sl/repository.liferay.com/nexus/content/groups/public/bsf/bsf/2.4.0/bsf-2.4.0.jar"/>
					</artifact>
				</artifacts>
			</revision>
		</module>
		<module organisation="org.apache.ant" name="ant">
			<revision name="1.8.3" status="release" pubdate="20120226000546" resolver="liferay-public" artresolver="default" homepage="" downloaded="true" searched="true" default="false" conf="master(*), compile, runtime(*), runtime, compile(*), master" position="2">
				<metadata-artifact status="successful" details="" size="9654" time="578" location="/Users/greg/tmp/com.liferay.portal.plugins.sdk-1.0.16/.ivy/cache/org.apache.ant/ant/ivy-1.8.3.xml" searched="true" original-local-location="/Users/greg/tmp/com.liferay.portal.plugins.sdk-1.0.16/.ivy/cache/org.apache.ant/ant/ivy-1.8.3.xml.original" origin-is-local="false" origin-location="https://cdn.lfrs.sl/repository.liferay.com/nexus/content/groups/public/org/apache/ant/ant/1.8.3/ant-1.8.3.pom"/>
				<caller organisation="com.google.errorprone" name="error_prone_ant" conf="default, compile, runtime, master" rev="1.8.2" rev-constraint-default="1.8.2" rev-constraint-dynamic="1.8.2" callerrev="1.0.8"/>
				<caller organisation="org.apache.ant" name="ant-apache-bsf" conf="default, compile, runtime, master" rev="1.8.3" rev-constraint-default="1.8.3" rev-constraint-dynamic="1.8.3" callerrev="1.8.3"/>
				<artifacts>
					<artifact name="ant" type="jar" ext="jar" status="successful" details="" size="1938849" time="1534" location="/Users/greg/tmp/com.liferay.portal.plugins.sdk-1.0.16/.ivy/cache/org.apache.ant/ant/jars/ant-1.8.3.jar">
						<origin-location is-local="false" location="https://cdn.lfrs.sl/repository.liferay.com/nexus/content/groups/public/org/apache/ant/ant/1.8.3/ant-1.8.3.jar"/>
					</artifact>
				</artifacts>
			</revision>
			<revision name="1.8.2" evicted="latest-revision" evicted-reason="" downloaded="false" searched="false" conf="master(*), compile, runtime(*), runtime, compile(*), master" position="-1">
				<evicted-by rev="1.8.3"/>
				<caller organisation="com.google.errorprone" name="error_prone_ant" conf="default, compile, runtime, master" rev="1.8.2" rev-constraint-default="1.8.2" rev-constraint-dynamic="1.8.2" callerrev="1.0.8"/>
				<artifacts>
				</artifacts>
			</revision>
		</module>
		<module organisation="org.apache.ant" name="ant-launcher">
			<revision name="1.8.3" status="release" pubdate="20120226000807" resolver="liferay-public" artresolver="default" homepage="" downloaded="true" searched="true" default="false" conf="master(*), compile, runtime(*), runtime, compile(*), master" position="3">
				<metadata-artifact status="successful" details="" size="2361" time="610" location="/Users/greg/tmp/com.liferay.portal.plugins.sdk-1.0.16/.ivy/cache/org.apache.ant/ant-launcher/ivy-1.8.3.xml" searched="true" original-local-location="/Users/greg/tmp/com.liferay.portal.plugins.sdk-1.0.16/.ivy/cache/org.apache.ant/ant-launcher/ivy-1.8.3.xml.original" origin-is-local="false" origin-location="https://cdn.lfrs.sl/repository.liferay.com/nexus/content/groups/public/org/apache/ant/ant-launcher/1.8.3/ant-launcher-1.8.3.pom"/>
				<caller organisation="org.apache.ant" name="ant" conf="compile, runtime" rev="1.8.3" rev-constraint-default="1.8.3" rev-constraint-dynamic="1.8.3" callerrev="1.8.3"/>
				<artifacts>
					<artifact name="ant-launcher" type="jar" ext="jar" status="successful" details="" size="18432" time="399" location="/Users/greg/tmp/com.liferay.portal.plugins.sdk-1.0.16/.ivy/cache/org.apache.ant/ant-launcher/jars/ant-launcher-1.8.3.jar">
						<origin-location is-local="false" location="https://cdn.lfrs.sl/repository.liferay.com/nexus/content/groups/public/org/apache/ant/ant-launcher/1.8.3/ant-launcher-1.8.3.jar"/>
					</artifact>
				</artifacts>
			</revision>
		</module>
		<module organisation="javax.activation" name="activation">
			<revision name="1.1" status="release" pubdate="20171102161533" resolver="local-m2" artresolver="default" homepage="http://java.sun.com/products/javabeans/jaf/index.jsp" downloaded="true" searched="true" default="false" conf="default, master(*), compile, runtime(*), runtime, compile(*), master" position="0">
				<license name="Common Development and Distribution License (CDDL) v1.0" url="https://glassfish.dev.java.net/public/CDDLv1.0.html"/>
				<metadata-artifact status="successful" details="" size="1058" time="5" location="/Users/greg/tmp/com.liferay.portal.plugins.sdk-1.0.16/.ivy/cache/javax.activation/activation/ivy-1.1.xml" searched="true" original-local-location="/Users/greg/tmp/com.liferay.portal.plugins.sdk-1.0.16/.ivy/cache/javax.activation/activation/ivy-1.1.xml.original" origin-is-local="true" origin-location="file:/Users/greg/.m2/repository/javax/activation/activation/1.1/activation-1.1.pom"/>
				<caller organisation="javax.mail" name="mail" conf="default, compile, runtime, master" rev="1.1" rev-constraint-default="1.1" rev-constraint-dynamic="1.1" callerrev="1.4"/>
				<caller organisation="com.liferay" name="com.liferay.sdk" conf="default" rev="1.1" rev-constraint-default="1.1" rev-constraint-dynamic="1.1" callerrev="working@guaige-2.local"/>
				<artifacts>
					<artifact name="activation" type="jar" ext="jar" status="successful" details="" size="62983" time="4" location="/Users/greg/tmp/com.liferay.portal.plugins.sdk-1.0.16/.ivy/cache/javax.activation/activation/jars/activation-1.1.jar">
						<origin-location is-local="true" location="file:/Users/greg/.m2/repository/javax/activation/activation/1.1/activation-1.1.jar"/>
					</artifact>
				</artifacts>
			</revision>
		</module>
	</dependencies>
</ivy-report>
