<?xml version="1.0" encoding="UTF-8"?>
<?xml-stylesheet type="text/xsl" href="ivy-report.xsl"?>
<ivy-report version="1.0">
	<info
		organisation="com.liferay"
		module="com.liferay.sdk.dependencies.com.liferay.ant.jgit"
		revision="working@guaige-2.local"
		conf="default"
		confs="default, internal, provided"
		date="20180925135221"/>
	<dependencies>
		<module organisation="com.liferay" name="com.liferay.ant.jgit">
			<revision name="1.0.6" status="release" pubdate="20150708132933" resolver="liferay-public" artresolver="default" homepage="" downloaded="true" searched="true" default="false" conf="default, compile, runtime, master" position="0">
				<license name="LGPL 2.1" url="http://www.gnu.org/licenses/old-licenses/lgpl-2.1.txt"/>
				<metadata-artifact status="successful" details="" size="1610" time="570" location="/Users/greg/tmp/com.liferay.portal.plugins.sdk-1.0.16/.ivy/cache/com.liferay/com.liferay.ant.jgit/ivy-1.0.6.xml" searched="true" original-local-location="/Users/greg/tmp/com.liferay.portal.plugins.sdk-1.0.16/.ivy/cache/com.liferay/com.liferay.ant.jgit/ivy-1.0.6.xml.original" origin-is-local="false" origin-location="https://cdn.lfrs.sl/repository.liferay.com/nexus/content/groups/public/com/liferay/com.liferay.ant.jgit/1.0.6/com.liferay.ant.jgit-1.0.6.pom"/>
				<caller organisation="com.liferay" name="com.liferay.sdk.dependencies.com.liferay.ant.jgit" conf="default" rev="1.0.6" rev-constraint-default="1.0.6" rev-constraint-dynamic="1.0.6" callerrev="working@guaige-2.local"/>
				<artifacts>
					<artifact name="com.liferay.ant.jgit" type="jar" ext="jar" status="successful" details="" size="18390" time="495" location="/Users/greg/tmp/com.liferay.portal.plugins.sdk-1.0.16/.ivy/cache/com.liferay/com.liferay.ant.jgit/jars/com.liferay.ant.jgit-1.0.6.jar">
						<origin-location is-local="false" location="https://cdn.lfrs.sl/repository.liferay.com/nexus/content/groups/public/com/liferay/com.liferay.ant.jgit/1.0.6/com.liferay.ant.jgit-1.0.6.jar"/>
					</artifact>
				</artifacts>
			</revision>
		</module>
		<module organisation="org.apache.ant" name="ant">
			<revision name="1.9.4" status="release" pubdate="20171026154249" resolver="local-m2" artresolver="default" homepage="http://ant.apache.org/" downloaded="false" searched="false" default="false" conf="master(*), compile, runtime(*), runtime, compile(*), master" position="11">
				<metadata-artifact status="no" details="" size="3133" time="0" location="/Users/greg/tmp/com.liferay.portal.plugins.sdk-1.0.16/.ivy/cache/org.apache.ant/ant/ivy-1.9.4.xml" searched="false" original-local-location="/Users/greg/.m2/repository/org/apache/ant/ant/1.9.4/ant-1.9.4.pom" origin-is-local="true" origin-location="file:/Users/greg/.m2/repository/org/apache/ant/ant/1.9.4/ant-1.9.4.pom"/>
				<caller organisation="com.liferay" name="com.liferay.ant.jgit" conf="default, compile, runtime, master" rev="1.9.4" rev-constraint-default="1.9.4" rev-constraint-dynamic="1.9.4" callerrev="1.0.6"/>
				<artifacts>
					<artifact name="ant" type="jar" ext="jar" status="no" details="" size="2019274" time="0" location="/Users/greg/tmp/com.liferay.portal.plugins.sdk-1.0.16/.ivy/cache/org.apache.ant/ant/jars/ant-1.9.4.jar">
						<origin-location is-local="true" location="file:/Users/greg/.m2/repository/org/apache/ant/ant/1.9.4/ant-1.9.4.jar"/>
					</artifact>
				</artifacts>
			</revision>
		</module>
		<module organisation="org.apache.ant" name="ant-launcher">
			<revision name="1.9.4" status="release" pubdate="20171026154249" resolver="local-m2" artresolver="default" homepage="http://ant.apache.org/" downloaded="false" searched="false" default="false" conf="master(*), compile, runtime(*), runtime, compile(*), master" position="12">
				<metadata-artifact status="no" details="" size="2638" time="0" location="/Users/greg/tmp/com.liferay.portal.plugins.sdk-1.0.16/.ivy/cache/org.apache.ant/ant-launcher/ivy-1.9.4.xml" searched="false" original-local-location="/Users/greg/.m2/repository/org/apache/ant/ant-launcher/1.9.4/ant-launcher-1.9.4.pom" origin-is-local="true" origin-location="file:/Users/greg/.m2/repository/org/apache/ant/ant-launcher/1.9.4/ant-launcher-1.9.4.pom"/>
				<caller organisation="org.apache.ant" name="ant" conf="compile, runtime" rev="1.9.4" rev-constraint-default="1.9.4" rev-constraint-dynamic="1.9.4" callerrev="1.9.4"/>
				<artifacts>
					<artifact name="ant-launcher" type="jar" ext="jar" status="no" details="" size="18381" time="0" location="/Users/greg/tmp/com.liferay.portal.plugins.sdk-1.0.16/.ivy/cache/org.apache.ant/ant-launcher/jars/ant-launcher-1.9.4.jar">
						<origin-location is-local="true" location="file:/Users/greg/.m2/repository/org/apache/ant/ant-launcher/1.9.4/ant-launcher-1.9.4.jar"/>
					</artifact>
				</artifacts>
			</revision>
		</module>
		<module organisation="org.slf4j" name="slf4j-log4j12">
			<revision name="1.7.2" status="release" pubdate="20171026154249" resolver="local-m2" artresolver="default" homepage="http://www.slf4j.org" downloaded="true" searched="true" default="false" conf="master(*), compile, runtime(*), runtime, compile(*), master" position="9">
				<metadata-artifact status="successful" details="" size="1599" time="1" location="/Users/greg/tmp/com.liferay.portal.plugins.sdk-1.0.16/.ivy/cache/org.slf4j/slf4j-log4j12/ivy-1.7.2.xml" searched="true" original-local-location="/Users/greg/tmp/com.liferay.portal.plugins.sdk-1.0.16/.ivy/cache/org.slf4j/slf4j-log4j12/ivy-1.7.2.xml.original" origin-is-local="true" origin-location="file:/Users/greg/.m2/repository/org/slf4j/slf4j-log4j12/1.7.2/slf4j-log4j12-1.7.2.pom"/>
				<caller organisation="com.liferay" name="com.liferay.ant.jgit" conf="default, compile, runtime, master" rev="1.7.2" rev-constraint-default="1.7.2" rev-constraint-dynamic="1.7.2" callerrev="1.0.6"/>
				<artifacts>
					<artifact name="slf4j-log4j12" type="jar" ext="jar" status="successful" details="" size="8819" time="2" location="/Users/greg/tmp/com.liferay.portal.plugins.sdk-1.0.16/.ivy/cache/org.slf4j/slf4j-log4j12/jars/slf4j-log4j12-1.7.2.jar">
						<origin-location is-local="true" location="file:/Users/greg/.m2/repository/org/slf4j/slf4j-log4j12/1.7.2/slf4j-log4j12-1.7.2.jar"/>
					</artifact>
				</artifacts>
			</revision>
		</module>
		<module organisation="log4j" name="log4j">
			<revision name="1.2.17" status="release" pubdate="20171026154250" resolver="local-m2" artresolver="default" homepage="http://logging.apache.org/log4j/1.2/" downloaded="true" searched="true" default="false" conf="master(*), compile, runtime(*), runtime, compile(*), master" position="10">
				<license name="The Apache Software License, Version 2.0" url="http://www.apache.org/licenses/LICENSE-2.0.txt"/>
				<metadata-artifact status="successful" details="" size="21745" time="2" location="/Users/greg/tmp/com.liferay.portal.plugins.sdk-1.0.16/.ivy/cache/log4j/log4j/ivy-1.2.17.xml" searched="true" original-local-location="/Users/greg/tmp/com.liferay.portal.plugins.sdk-1.0.16/.ivy/cache/log4j/log4j/ivy-1.2.17.xml.original" origin-is-local="true" origin-location="file:/Users/greg/.m2/repository/log4j/log4j/1.2.17/log4j-1.2.17.pom"/>
				<caller organisation="org.slf4j" name="slf4j-log4j12" conf="compile, runtime" rev="1.2.17" rev-constraint-default="1.2.17" rev-constraint-dynamic="1.2.17" callerrev="1.7.2"/>
				<artifacts>
					<artifact name="log4j" type="bundle" ext="jar" status="successful" details="" size="489884" time="9" location="/Users/greg/tmp/com.liferay.portal.plugins.sdk-1.0.16/.ivy/cache/log4j/log4j/bundles/log4j-1.2.17.jar">
						<origin-location is-local="true" location="file:/Users/greg/.m2/repository/log4j/log4j/1.2.17/log4j-1.2.17.jar"/>
					</artifact>
				</artifacts>
			</revision>
		</module>
		<module organisation="org.eclipse.jgit" name="org.eclipse.jgit">
			<revision name="4.0.0.201505050340-m2" status="release" pubdate="20150505055742" resolver="liferay-public" artresolver="default" homepage="" downloaded="true" searched="true" default="false" conf="master(*), compile, runtime(*), runtime, compile(*), master" position="1">
				<metadata-artifact status="successful" details="" size="6328" time="584" location="/Users/greg/tmp/com.liferay.portal.plugins.sdk-1.0.16/.ivy/cache/org.eclipse.jgit/org.eclipse.jgit/ivy-4.0.0.201505050340-m2.xml" searched="true" original-local-location="/Users/greg/tmp/com.liferay.portal.plugins.sdk-1.0.16/.ivy/cache/org.eclipse.jgit/org.eclipse.jgit/ivy-4.0.0.201505050340-m2.xml.original" origin-is-local="false" origin-location="https://cdn.lfrs.sl/repository.liferay.com/nexus/content/groups/public/org/eclipse/jgit/org.eclipse.jgit/4.0.0.201505050340-m2/org.eclipse.jgit-4.0.0.201505050340-m2.pom"/>
				<caller organisation="com.liferay" name="com.liferay.ant.jgit" conf="default, compile, runtime, master" rev="4.0.0.201505050340-m2" rev-constraint-default="4.0.0.201505050340-m2" rev-constraint-dynamic="4.0.0.201505050340-m2" callerrev="1.0.6"/>
				<artifacts>
					<artifact name="org.eclipse.jgit" type="jar" ext="jar" status="successful" details="" size="2117499" time="3917" location="/Users/greg/tmp/com.liferay.portal.plugins.sdk-1.0.16/.ivy/cache/org.eclipse.jgit/org.eclipse.jgit/jars/org.eclipse.jgit-4.0.0.201505050340-m2.jar">
						<origin-location is-local="false" location="https://cdn.lfrs.sl/repository.liferay.com/nexus/content/groups/public/org/eclipse/jgit/org.eclipse.jgit/4.0.0.201505050340-m2/org.eclipse.jgit-4.0.0.201505050340-m2.jar"/>
					</artifact>
				</artifacts>
			</revision>
		</module>
		<module organisation="org.slf4j" name="slf4j-api">
			<revision name="1.7.2" status="release" pubdate="20171026154250" resolver="local-m2" artresolver="default" homepage="http://www.slf4j.org" downloaded="true" searched="true" default="false" conf="master(*), compile, runtime(*), runtime, compile(*), master" position="8">
				<metadata-artifact status="successful" details="" size="2689" time="3" location="/Users/greg/tmp/com.liferay.portal.plugins.sdk-1.0.16/.ivy/cache/org.slf4j/slf4j-api/ivy-1.7.2.xml" searched="true" original-local-location="/Users/greg/tmp/com.liferay.portal.plugins.sdk-1.0.16/.ivy/cache/org.slf4j/slf4j-api/ivy-1.7.2.xml.original" origin-is-local="true" origin-location="file:/Users/greg/.m2/repository/org/slf4j/slf4j-api/1.7.2/slf4j-api-1.7.2.pom"/>
				<caller organisation="org.eclipse.jgit" name="org.eclipse.jgit" conf="compile, runtime" rev="1.7.2" rev-constraint-default="1.7.2" rev-constraint-dynamic="1.7.2" callerrev="4.0.0.201505050340-m2"/>
				<caller organisation="org.slf4j" name="slf4j-log4j12" conf="compile, runtime" rev="1.7.2" rev-constraint-default="1.7.2" rev-constraint-dynamic="1.7.2" callerrev="1.7.2"/>
				<artifacts>
					<artifact name="slf4j-api" type="jar" ext="jar" status="successful" details="" size="26083" time="3" location="/Users/greg/tmp/com.liferay.portal.plugins.sdk-1.0.16/.ivy/cache/org.slf4j/slf4j-api/jars/slf4j-api-1.7.2.jar">
						<origin-location is-local="true" location="file:/Users/greg/.m2/repository/org/slf4j/slf4j-api/1.7.2/slf4j-api-1.7.2.jar"/>
					</artifact>
				</artifacts>
			</revision>
		</module>
		<module organisation="org.apache.httpcomponents" name="httpclient">
			<revision name="4.1.3" status="release" pubdate="20120202061519" resolver="liferay-public" artresolver="default" homepage="http://hc.apache.org/httpcomponents-client" downloaded="true" searched="true" default="false" conf="master(*), compile, runtime(*), runtime, compile(*), master" position="4">
				<metadata-artifact status="successful" details="" size="5990" time="537" location="/Users/greg/tmp/com.liferay.portal.plugins.sdk-1.0.16/.ivy/cache/org.apache.httpcomponents/httpclient/ivy-4.1.3.xml" searched="true" original-local-location="/Users/greg/tmp/com.liferay.portal.plugins.sdk-1.0.16/.ivy/cache/org.apache.httpcomponents/httpclient/ivy-4.1.3.xml.original" origin-is-local="false" origin-location="https://cdn.lfrs.sl/repository.liferay.com/nexus/content/groups/public/org/apache/httpcomponents/httpclient/4.1.3/httpclient-4.1.3.pom"/>
				<caller organisation="org.eclipse.jgit" name="org.eclipse.jgit" conf="compile, runtime" rev="4.1.3" rev-constraint-default="4.1.3" rev-constraint-dynamic="4.1.3" callerrev="4.0.0.201505050340-m2"/>
				<artifacts>
					<artifact name="httpclient" type="jar" ext="jar" status="successful" details="" size="352585" time="1022" location="/Users/greg/tmp/com.liferay.portal.plugins.sdk-1.0.16/.ivy/cache/org.apache.httpcomponents/httpclient/jars/httpclient-4.1.3.jar">
						<origin-location is-local="false" location="https://cdn.lfrs.sl/repository.liferay.com/nexus/content/groups/public/org/apache/httpcomponents/httpclient/4.1.3/httpclient-4.1.3.jar"/>
					</artifact>
				</artifacts>
			</revision>
		</module>
		<module organisation="commons-codec" name="commons-codec">
			<revision name="1.4" status="release" pubdate="20090809162217" resolver="liferay-public" artresolver="default" homepage="http://commons.apache.org/codec/" downloaded="true" searched="true" default="false" conf="master(*), compile, runtime(*), runtime, compile(*), master" position="7">
				<metadata-artifact status="successful" details="" size="10494" time="600" location="/Users/greg/tmp/com.liferay.portal.plugins.sdk-1.0.16/.ivy/cache/commons-codec/commons-codec/ivy-1.4.xml" searched="true" original-local-location="/Users/greg/tmp/com.liferay.portal.plugins.sdk-1.0.16/.ivy/cache/commons-codec/commons-codec/ivy-1.4.xml.original" origin-is-local="false" origin-location="https://cdn.lfrs.sl/repository.liferay.com/nexus/content/groups/public/commons-codec/commons-codec/1.4/commons-codec-1.4.pom"/>
				<caller organisation="org.apache.httpcomponents" name="httpclient" conf="compile, runtime" rev="1.4" rev-constraint-default="1.4" rev-constraint-dynamic="1.4" callerrev="4.1.3"/>
				<artifacts>
					<artifact name="commons-codec" type="jar" ext="jar" status="successful" details="" size="58160" time="721" location="/Users/greg/tmp/com.liferay.portal.plugins.sdk-1.0.16/.ivy/cache/commons-codec/commons-codec/jars/commons-codec-1.4.jar">
						<origin-location is-local="false" location="https://cdn.lfrs.sl/repository.liferay.com/nexus/content/groups/public/commons-codec/commons-codec/1.4/commons-codec-1.4.jar"/>
					</artifact>
				</artifacts>
			</revision>
		</module>
		<module organisation="commons-logging" name="commons-logging">
			<revision name="1.1.1" status="release" pubdate="20171031204941" resolver="local-m2" artresolver="default" homepage="http://commons.apache.org/logging" downloaded="false" searched="false" default="false" conf="master(*), compile, runtime(*), runtime, compile(*), master" position="6">
				<metadata-artifact status="no" details="" size="4140" time="0" location="/Users/greg/tmp/com.liferay.portal.plugins.sdk-1.0.16/.ivy/cache/commons-logging/commons-logging/ivy-1.1.1.xml" searched="false" original-local-location="/Users/greg/.m2/repository/commons-logging/commons-logging/1.1.1/commons-logging-1.1.1.pom" origin-is-local="true" origin-location="file:/Users/greg/.m2/repository/commons-logging/commons-logging/1.1.1/commons-logging-1.1.1.pom"/>
				<caller organisation="org.apache.httpcomponents" name="httpclient" conf="compile, runtime" rev="1.1.1" rev-constraint-default="1.1.1" rev-constraint-dynamic="1.1.1" callerrev="4.1.3"/>
				<artifacts>
					<artifact name="commons-logging" type="jar" ext="jar" status="no" details="" size="60686" time="0" location="/Users/greg/tmp/com.liferay.portal.plugins.sdk-1.0.16/.ivy/cache/commons-logging/commons-logging/jars/commons-logging-1.1.1.jar">
						<origin-location is-local="true" location="file:/Users/greg/.m2/repository/commons-logging/commons-logging/1.1.1/commons-logging-1.1.1.jar"/>
					</artifact>
				</artifacts>
			</revision>
		</module>
		<module organisation="org.apache.httpcomponents" name="httpcore">
			<revision name="4.1.4" status="release" pubdate="20111218103741" resolver="liferay-public" artresolver="default" homepage="http://hc.apache.org/httpcomponents-core-ga" downloaded="true" searched="true" default="false" conf="master(*), compile, runtime(*), runtime, compile(*), master" position="5">
				<metadata-artifact status="successful" details="" size="7390" time="575" location="/Users/greg/tmp/com.liferay.portal.plugins.sdk-1.0.16/.ivy/cache/org.apache.httpcomponents/httpcore/ivy-4.1.4.xml" searched="true" original-local-location="/Users/greg/tmp/com.liferay.portal.plugins.sdk-1.0.16/.ivy/cache/org.apache.httpcomponents/httpcore/ivy-4.1.4.xml.original" origin-is-local="false" origin-location="https://cdn.lfrs.sl/repository.liferay.com/nexus/content/groups/public/org/apache/httpcomponents/httpcore/4.1.4/httpcore-4.1.4.pom"/>
				<caller organisation="org.apache.httpcomponents" name="httpclient" conf="compile, runtime" rev="4.1.4" rev-constraint-default="4.1.4" rev-constraint-dynamic="4.1.4" callerrev="4.1.3"/>
				<artifacts>
					<artifact name="httpcore" type="jar" ext="jar" status="successful" details="" size="181410" time="593" location="/Users/greg/tmp/com.liferay.portal.plugins.sdk-1.0.16/.ivy/cache/org.apache.httpcomponents/httpcore/jars/httpcore-4.1.4.jar">
						<origin-location is-local="false" location="https://cdn.lfrs.sl/repository.liferay.com/nexus/content/groups/public/org/apache/httpcomponents/httpcore/4.1.4/httpcore-4.1.4.jar"/>
					</artifact>
				</artifacts>
			</revision>
		</module>
		<module organisation="com.googlecode.javaewah" name="JavaEWAH">
			<revision name="0.7.9" status="release" pubdate="20180919124901" resolver="local-m2" artresolver="default" homepage="http://code.google.com/p/javaewah/" downloaded="true" searched="true" default="false" conf="master(*), compile, runtime(*), runtime, compile(*), master" position="3">
				<license name="Apache 2" url="http://www.apache.org/licenses/LICENSE-2.0.txt"/>
				<metadata-artifact status="successful" details="" size="4344" time="2" location="/Users/greg/tmp/com.liferay.portal.plugins.sdk-1.0.16/.ivy/cache/com.googlecode.javaewah/JavaEWAH/ivy-0.7.9.xml" searched="true" original-local-location="/Users/greg/tmp/com.liferay.portal.plugins.sdk-1.0.16/.ivy/cache/com.googlecode.javaewah/JavaEWAH/ivy-0.7.9.xml.original" origin-is-local="true" origin-location="file:/Users/greg/.m2/repository/com/googlecode/javaewah/JavaEWAH/0.7.9/JavaEWAH-0.7.9.pom"/>
				<caller organisation="org.eclipse.jgit" name="org.eclipse.jgit" conf="compile, runtime" rev="0.7.9" rev-constraint-default="0.7.9" rev-constraint-dynamic="0.7.9" callerrev="4.0.0.201505050340-m2"/>
				<artifacts>
					<artifact name="JavaEWAH" type="bundle" ext="jar" status="successful" details="" size="125146" time="3" location="/Users/greg/tmp/com.liferay.portal.plugins.sdk-1.0.16/.ivy/cache/com.googlecode.javaewah/JavaEWAH/bundles/JavaEWAH-0.7.9.jar">
						<origin-location is-local="true" location="file:/Users/greg/.m2/repository/com/googlecode/javaewah/JavaEWAH/0.7.9/JavaEWAH-0.7.9.jar"/>
					</artifact>
				</artifacts>
			</revision>
		</module>
		<module organisation="com.jcraft" name="jsch">
			<revision name="0.1.50" status="release" pubdate="20130509032222" resolver="liferay-public" artresolver="default" homepage="http://www.jcraft.com/jsch/" downloaded="true" searched="true" default="false" conf="master(*), compile, runtime(*), runtime, compile(*), master" position="2">
				<license name="Revised BSD" url="http://www.jcraft.com/jsch/LICENSE.txt"/>
				<metadata-artifact status="successful" details="" size="3235" time="563" location="/Users/greg/tmp/com.liferay.portal.plugins.sdk-1.0.16/.ivy/cache/com.jcraft/jsch/ivy-0.1.50.xml" searched="true" original-local-location="/Users/greg/tmp/com.liferay.portal.plugins.sdk-1.0.16/.ivy/cache/com.jcraft/jsch/ivy-0.1.50.xml.original" origin-is-local="false" origin-location="https://cdn.lfrs.sl/repository.liferay.com/nexus/content/groups/public/com/jcraft/jsch/0.1.50/jsch-0.1.50.pom"/>
				<caller organisation="org.eclipse.jgit" name="org.eclipse.jgit" conf="compile, runtime" rev="0.1.50" rev-constraint-default="0.1.50" rev-constraint-dynamic="0.1.50" callerrev="4.0.0.201505050340-m2"/>
				<artifacts>
					<artifact name="jsch" type="jar" ext="jar" status="successful" details="" size="254408" time="2180" location="/Users/greg/tmp/com.liferay.portal.plugins.sdk-1.0.16/.ivy/cache/com.jcraft/jsch/jars/jsch-0.1.50.jar">
						<origin-location is-local="false" location="https://cdn.lfrs.sl/repository.liferay.com/nexus/content/groups/public/com/jcraft/jsch/0.1.50/jsch-0.1.50.jar"/>
					</artifact>
				</artifacts>
			</revision>
		</module>
	</dependencies>
</ivy-report>
