<?xml version="1.0" encoding="UTF-8"?>
<?xml-stylesheet type="text/xsl" href="ivy-report.xsl"?>
<ivy-report version="1.0">
	<info
		organisation="com.liferay"
		module="com.liferay.sdk.dependencies.com.liferay.css.builder"
		revision="working@guaige-2.local"
		conf="default"
		confs="default, internal, provided"
		date="20180925135414"/>
	<dependencies>
		<module organisation="com.liferay" name="com.liferay.frontend.theme.unstyled">
			<revision name="2.0.9" status="release" pubdate="20160815150945" resolver="liferay-public" artresolver="default" homepage="" downloaded="true" searched="true" default="false" conf="default, compile, runtime, master" position="17">
				<license name="LGPL 2.1" url="http://www.gnu.org/licenses/old-licenses/lgpl-2.1.txt"/>
				<metadata-artifact status="successful" details="" size="1043" time="561" location="/Users/greg/tmp/com.liferay.portal.plugins.sdk-1.0.16/.ivy/cache/com.liferay/com.liferay.frontend.theme.unstyled/ivy-2.0.9.xml" searched="true" original-local-location="/Users/greg/tmp/com.liferay.portal.plugins.sdk-1.0.16/.ivy/cache/com.liferay/com.liferay.frontend.theme.unstyled/ivy-2.0.9.xml.original" origin-is-local="false" origin-location="https://cdn.lfrs.sl/repository.liferay.com/nexus/content/groups/public/com/liferay/com.liferay.frontend.theme.unstyled/2.0.9/com.liferay.frontend.theme.unstyled-2.0.9.pom"/>
				<caller organisation="com.liferay" name="com.liferay.sdk.dependencies.com.liferay.css.builder" conf="default" rev="2.0.9" rev-constraint-default="2.0.9" rev-constraint-dynamic="2.0.9" callerrev="working@guaige-2.local"/>
				<artifacts>
					<artifact name="com.liferay.frontend.theme.unstyled" type="jar" ext="jar" status="successful" details="" size="2127886" time="1305" location="/Users/greg/tmp/com.liferay.portal.plugins.sdk-1.0.16/.ivy/cache/com.liferay/com.liferay.frontend.theme.unstyled/jars/com.liferay.frontend.theme.unstyled-2.0.9.jar">
						<origin-location is-local="false" location="https://cdn.lfrs.sl/repository.liferay.com/nexus/content/groups/public/com/liferay/com.liferay.frontend.theme.unstyled/2.0.9/com.liferay.frontend.theme.unstyled-2.0.9.jar"/>
					</artifact>
				</artifacts>
			</revision>
		</module>
		<module organisation="com.liferay" name="com.liferay.frontend.theme.styled">
			<revision name="2.0.9" status="release" pubdate="20160804222230" resolver="liferay-public" artresolver="default" homepage="" downloaded="true" searched="true" default="false" conf="default, compile, runtime, master" position="16">
				<license name="LGPL 2.1" url="http://www.gnu.org/licenses/old-licenses/lgpl-2.1.txt"/>
				<metadata-artifact status="successful" details="" size="1041" time="590" location="/Users/greg/tmp/com.liferay.portal.plugins.sdk-1.0.16/.ivy/cache/com.liferay/com.liferay.frontend.theme.styled/ivy-2.0.9.xml" searched="true" original-local-location="/Users/greg/tmp/com.liferay.portal.plugins.sdk-1.0.16/.ivy/cache/com.liferay/com.liferay.frontend.theme.styled/ivy-2.0.9.xml.original" origin-is-local="false" origin-location="https://cdn.lfrs.sl/repository.liferay.com/nexus/content/groups/public/com/liferay/com.liferay.frontend.theme.styled/2.0.9/com.liferay.frontend.theme.styled-2.0.9.pom"/>
				<caller organisation="com.liferay" name="com.liferay.sdk.dependencies.com.liferay.css.builder" conf="default" rev="2.0.9" rev-constraint-default="2.0.9" rev-constraint-dynamic="2.0.9" callerrev="working@guaige-2.local"/>
				<artifacts>
					<artifact name="com.liferay.frontend.theme.styled" type="jar" ext="jar" status="successful" details="" size="113190" time="427" location="/Users/greg/tmp/com.liferay.portal.plugins.sdk-1.0.16/.ivy/cache/com.liferay/com.liferay.frontend.theme.styled/jars/com.liferay.frontend.theme.styled-2.0.9.jar">
						<origin-location is-local="false" location="https://cdn.lfrs.sl/repository.liferay.com/nexus/content/groups/public/com/liferay/com.liferay.frontend.theme.styled/2.0.9/com.liferay.frontend.theme.styled-2.0.9.jar"/>
					</artifact>
				</artifacts>
			</revision>
		</module>
		<module organisation="com.liferay" name="com.liferay.frontend.theme.classic.web">
			<revision name="2.0.2" status="release" pubdate="20160330214132" resolver="liferay-public" artresolver="default" homepage="" downloaded="true" searched="true" default="false" conf="default, compile, runtime, master" position="15">
				<license name="LGPL 2.1" url="http://www.gnu.org/licenses/old-licenses/lgpl-2.1.txt"/>
				<metadata-artifact status="successful" details="" size="1834" time="601" location="/Users/greg/tmp/com.liferay.portal.plugins.sdk-1.0.16/.ivy/cache/com.liferay/com.liferay.frontend.theme.classic.web/ivy-2.0.2.xml" searched="true" original-local-location="/Users/greg/tmp/com.liferay.portal.plugins.sdk-1.0.16/.ivy/cache/com.liferay/com.liferay.frontend.theme.classic.web/ivy-2.0.2.xml.original" origin-is-local="false" origin-location="https://cdn.lfrs.sl/repository.liferay.com/nexus/content/groups/public/com/liferay/com.liferay.frontend.theme.classic.web/2.0.2/com.liferay.frontend.theme.classic.web-2.0.2.pom"/>
				<caller organisation="com.liferay" name="com.liferay.sdk.dependencies.com.liferay.css.builder" conf="default" rev="2.0.2" rev-constraint-default="2.0.2" rev-constraint-dynamic="2.0.2" callerrev="working@guaige-2.local"/>
				<artifacts>
					<artifact name="com.liferay.frontend.theme.classic.web" type="jar" ext="jar" status="successful" details="" size="2510455" time="1625" location="/Users/greg/tmp/com.liferay.portal.plugins.sdk-1.0.16/.ivy/cache/com.liferay/com.liferay.frontend.theme.classic.web/jars/com.liferay.frontend.theme.classic.web-2.0.2.jar">
						<origin-location is-local="false" location="https://cdn.lfrs.sl/repository.liferay.com/nexus/content/groups/public/com/liferay/com.liferay.frontend.theme.classic.web/2.0.2/com.liferay.frontend.theme.classic.web-2.0.2.jar"/>
					</artifact>
				</artifacts>
			</revision>
		</module>
		<module organisation="com.liferay" name="com.liferay.frontend.theme.admin.web">
			<revision name="1.0.3" status="release" pubdate="20160330230643" resolver="liferay-public" artresolver="default" homepage="" downloaded="true" searched="true" default="false" conf="default, compile, runtime, master" position="14">
				<license name="LGPL 2.1" url="http://www.gnu.org/licenses/old-licenses/lgpl-2.1.txt"/>
				<metadata-artifact status="successful" details="" size="1832" time="576" location="/Users/greg/tmp/com.liferay.portal.plugins.sdk-1.0.16/.ivy/cache/com.liferay/com.liferay.frontend.theme.admin.web/ivy-1.0.3.xml" searched="true" original-local-location="/Users/greg/tmp/com.liferay.portal.plugins.sdk-1.0.16/.ivy/cache/com.liferay/com.liferay.frontend.theme.admin.web/ivy-1.0.3.xml.original" origin-is-local="false" origin-location="https://cdn.lfrs.sl/repository.liferay.com/nexus/content/groups/public/com/liferay/com.liferay.frontend.theme.admin.web/1.0.3/com.liferay.frontend.theme.admin.web-1.0.3.pom"/>
				<caller organisation="com.liferay" name="com.liferay.sdk.dependencies.com.liferay.css.builder" conf="default" rev="1.0.3" rev-constraint-default="1.0.3" rev-constraint-dynamic="1.0.3" callerrev="working@guaige-2.local"/>
				<artifacts>
					<artifact name="com.liferay.frontend.theme.admin.web" type="jar" ext="jar" status="successful" details="" size="2387644" time="1644" location="/Users/greg/tmp/com.liferay.portal.plugins.sdk-1.0.16/.ivy/cache/com.liferay/com.liferay.frontend.theme.admin.web/jars/com.liferay.frontend.theme.admin.web-1.0.3.jar">
						<origin-location is-local="false" location="https://cdn.lfrs.sl/repository.liferay.com/nexus/content/groups/public/com/liferay/com.liferay.frontend.theme.admin.web/1.0.3/com.liferay.frontend.theme.admin.web-1.0.3.jar"/>
					</artifact>
				</artifacts>
			</revision>
		</module>
		<module organisation="com.liferay" name="com.liferay.frontend.css.common">
			<revision name="2.0.1" status="release" pubdate="20160531170357" resolver="liferay-public" artresolver="default" homepage="" downloaded="true" searched="true" default="false" conf="default, compile, runtime, master" position="13">
				<license name="LGPL 2.1" url="http://www.gnu.org/licenses/old-licenses/lgpl-2.1.txt"/>
				<metadata-artifact status="successful" details="" size="1039" time="547" location="/Users/greg/tmp/com.liferay.portal.plugins.sdk-1.0.16/.ivy/cache/com.liferay/com.liferay.frontend.css.common/ivy-2.0.1.xml" searched="true" original-local-location="/Users/greg/tmp/com.liferay.portal.plugins.sdk-1.0.16/.ivy/cache/com.liferay/com.liferay.frontend.css.common/ivy-2.0.1.xml.original" origin-is-local="false" origin-location="https://cdn.lfrs.sl/repository.liferay.com/nexus/content/groups/public/com/liferay/com.liferay.frontend.css.common/2.0.1/com.liferay.frontend.css.common-2.0.1.pom"/>
				<caller organisation="com.liferay" name="com.liferay.sdk.dependencies.com.liferay.css.builder" conf="default" rev="2.0.1" rev-constraint-default="2.0.1" rev-constraint-dynamic="2.0.1" callerrev="working@guaige-2.local"/>
				<artifacts>
					<artifact name="com.liferay.frontend.css.common" type="jar" ext="jar" status="successful" details="" size="48055" time="396" location="/Users/greg/tmp/com.liferay.portal.plugins.sdk-1.0.16/.ivy/cache/com.liferay/com.liferay.frontend.css.common/jars/com.liferay.frontend.css.common-2.0.1.jar">
						<origin-location is-local="false" location="https://cdn.lfrs.sl/repository.liferay.com/nexus/content/groups/public/com/liferay/com.liferay.frontend.css.common/2.0.1/com.liferay.frontend.css.common-2.0.1.jar"/>
					</artifact>
				</artifacts>
			</revision>
		</module>
		<module organisation="com.liferay" name="com.liferay.css.builder">
			<revision name="1.0.20" status="release" pubdate="20160913142830" resolver="liferay-public" artresolver="default" homepage="" downloaded="true" searched="true" default="false" conf="default, compile, runtime, master" position="0">
				<license name="LGPL 2.1" url="http://www.gnu.org/licenses/old-licenses/lgpl-2.1.txt"/>
				<metadata-artifact status="successful" details="" size="3377" time="543" location="/Users/greg/tmp/com.liferay.portal.plugins.sdk-1.0.16/.ivy/cache/com.liferay/com.liferay.css.builder/ivy-1.0.20.xml" searched="true" original-local-location="/Users/greg/tmp/com.liferay.portal.plugins.sdk-1.0.16/.ivy/cache/com.liferay/com.liferay.css.builder/ivy-1.0.20.xml.original" origin-is-local="false" origin-location="https://cdn.lfrs.sl/repository.liferay.com/nexus/content/groups/public/com/liferay/com.liferay.css.builder/1.0.20/com.liferay.css.builder-1.0.20.pom"/>
				<caller organisation="com.liferay" name="com.liferay.sdk.dependencies.com.liferay.css.builder" conf="default" rev="1.0.20" rev-constraint-default="1.0.20" rev-constraint-dynamic="1.0.20" callerrev="working@guaige-2.local"/>
				<artifacts>
					<artifact name="com.liferay.css.builder" type="jar" ext="jar" status="successful" details="" size="124225" time="752" location="/Users/greg/tmp/com.liferay.portal.plugins.sdk-1.0.16/.ivy/cache/com.liferay/com.liferay.css.builder/jars/com.liferay.css.builder-1.0.20.jar">
						<origin-location is-local="false" location="https://cdn.lfrs.sl/repository.liferay.com/nexus/content/groups/public/com/liferay/com.liferay.css.builder/1.0.20/com.liferay.css.builder-1.0.20.jar"/>
					</artifact>
				</artifacts>
			</revision>
		</module>
		<module organisation="org.sonatype.plexus" name="plexus-build-api">
			<revision name="0.0.7" status="release" pubdate="20171026154235" resolver="local-m2" artresolver="default" homepage="" downloaded="true" searched="true" default="false" conf="master(*), compile, runtime(*), runtime, compile(*), master" position="12">
				<metadata-artifact status="successful" details="" size="3204" time="2" location="/Users/greg/tmp/com.liferay.portal.plugins.sdk-1.0.16/.ivy/cache/org.sonatype.plexus/plexus-build-api/ivy-0.0.7.xml" searched="true" original-local-location="/Users/greg/tmp/com.liferay.portal.plugins.sdk-1.0.16/.ivy/cache/org.sonatype.plexus/plexus-build-api/ivy-0.0.7.xml.original" origin-is-local="true" origin-location="file:/Users/greg/.m2/repository/org/sonatype/plexus/plexus-build-api/0.0.7/plexus-build-api-0.0.7.pom"/>
				<caller organisation="com.liferay" name="com.liferay.css.builder" conf="default, compile, runtime, master" rev="0.0.7" rev-constraint-default="0.0.7" rev-constraint-dynamic="0.0.7" callerrev="1.0.20"/>
				<artifacts>
				</artifacts>
			</revision>
		</module>
		<module organisation="org.slf4j" name="slf4j-log4j12">
			<revision name="1.7.2" status="release" pubdate="20171026154249" resolver="local-m2" artresolver="default" homepage="http://www.slf4j.org" downloaded="false" searched="false" default="false" conf="master(*), compile, runtime(*), runtime, compile(*), master" position="9">
				<metadata-artifact status="no" details="" size="4830" time="0" location="/Users/greg/tmp/com.liferay.portal.plugins.sdk-1.0.16/.ivy/cache/org.slf4j/slf4j-log4j12/ivy-1.7.2.xml" searched="false" original-local-location="/Users/greg/.m2/repository/org/slf4j/slf4j-log4j12/1.7.2/slf4j-log4j12-1.7.2.pom" origin-is-local="true" origin-location="file:/Users/greg/.m2/repository/org/slf4j/slf4j-log4j12/1.7.2/slf4j-log4j12-1.7.2.pom"/>
				<caller organisation="com.liferay" name="com.liferay.css.builder" conf="default, compile, runtime, master" rev="1.7.2" rev-constraint-default="1.7.2" rev-constraint-dynamic="1.7.2" callerrev="1.0.20"/>
				<artifacts>
					<artifact name="slf4j-log4j12" type="jar" ext="jar" status="no" details="" size="8819" time="0" location="/Users/greg/tmp/com.liferay.portal.plugins.sdk-1.0.16/.ivy/cache/org.slf4j/slf4j-log4j12/jars/slf4j-log4j12-1.7.2.jar">
						<origin-location is-local="true" location="file:/Users/greg/.m2/repository/org/slf4j/slf4j-log4j12/1.7.2/slf4j-log4j12-1.7.2.jar"/>
					</artifact>
				</artifacts>
			</revision>
		</module>
		<module organisation="log4j" name="log4j">
			<revision name="1.2.17" status="release" pubdate="20171026154250" resolver="local-m2" artresolver="default" homepage="http://logging.apache.org/log4j/1.2/" downloaded="false" searched="false" default="false" conf="master(*), compile, runtime(*), runtime, compile(*), master" position="11">
				<license name="The Apache Software License, Version 2.0" url="http://www.apache.org/licenses/LICENSE-2.0.txt"/>
				<metadata-artifact status="no" details="" size="3693" time="0" location="/Users/greg/tmp/com.liferay.portal.plugins.sdk-1.0.16/.ivy/cache/log4j/log4j/ivy-1.2.17.xml" searched="false" original-local-location="/Users/greg/.m2/repository/log4j/log4j/1.2.17/log4j-1.2.17.pom" origin-is-local="true" origin-location="file:/Users/greg/.m2/repository/log4j/log4j/1.2.17/log4j-1.2.17.pom"/>
				<caller organisation="org.slf4j" name="slf4j-log4j12" conf="compile, runtime" rev="1.2.17" rev-constraint-default="1.2.17" rev-constraint-dynamic="1.2.17" callerrev="1.7.2"/>
				<artifacts>
					<artifact name="log4j" type="bundle" ext="jar" status="no" details="" size="489884" time="0" location="/Users/greg/tmp/com.liferay.portal.plugins.sdk-1.0.16/.ivy/cache/log4j/log4j/bundles/log4j-1.2.17.jar">
						<origin-location is-local="true" location="file:/Users/greg/.m2/repository/log4j/log4j/1.2.17/log4j-1.2.17.jar"/>
					</artifact>
				</artifacts>
			</revision>
		</module>
		<module organisation="org.slf4j" name="slf4j-api">
			<revision name="1.7.2" status="release" pubdate="20171026154250" resolver="local-m2" artresolver="default" homepage="http://www.slf4j.org" downloaded="false" searched="false" default="false" conf="master(*), compile, runtime(*), runtime, compile(*), master" position="10">
				<metadata-artifact status="no" details="" size="4656" time="0" location="/Users/greg/tmp/com.liferay.portal.plugins.sdk-1.0.16/.ivy/cache/org.slf4j/slf4j-api/ivy-1.7.2.xml" searched="false" original-local-location="/Users/greg/.m2/repository/org/slf4j/slf4j-api/1.7.2/slf4j-api-1.7.2.pom" origin-is-local="true" origin-location="file:/Users/greg/.m2/repository/org/slf4j/slf4j-api/1.7.2/slf4j-api-1.7.2.pom"/>
				<caller organisation="org.slf4j" name="slf4j-log4j12" conf="compile, runtime" rev="1.7.2" rev-constraint-default="1.7.2" rev-constraint-dynamic="1.7.2" callerrev="1.7.2"/>
				<artifacts>
					<artifact name="slf4j-api" type="jar" ext="jar" status="no" details="" size="26083" time="0" location="/Users/greg/tmp/com.liferay.portal.plugins.sdk-1.0.16/.ivy/cache/org.slf4j/slf4j-api/jars/slf4j-api-1.7.2.jar">
						<origin-location is-local="true" location="file:/Users/greg/.m2/repository/org/slf4j/slf4j-api/1.7.2/slf4j-api-1.7.2.jar"/>
					</artifact>
				</artifacts>
			</revision>
		</module>
		<module organisation="org.codehaus.plexus" name="plexus-utils">
			<revision name="3.0.15" status="release" pubdate="20171026154249" resolver="local-m2" artresolver="default" homepage="http://plexus.codehaus.org/plexus-utils" downloaded="true" searched="true" default="false" conf="master(*), compile, runtime(*), runtime, compile(*), master" position="8">
				<metadata-artifact status="successful" details="" size="3146" time="3" location="/Users/greg/tmp/com.liferay.portal.plugins.sdk-1.0.16/.ivy/cache/org.codehaus.plexus/plexus-utils/ivy-3.0.15.xml" searched="true" original-local-location="/Users/greg/tmp/com.liferay.portal.plugins.sdk-1.0.16/.ivy/cache/org.codehaus.plexus/plexus-utils/ivy-3.0.15.xml.original" origin-is-local="true" origin-location="file:/Users/greg/.m2/repository/org/codehaus/plexus/plexus-utils/3.0.15/plexus-utils-3.0.15.pom"/>
				<caller organisation="com.liferay" name="com.liferay.css.builder" conf="default, compile, runtime, master" rev="3.0.15" rev-constraint-default="3.0.15" rev-constraint-dynamic="3.0.15" callerrev="1.0.20"/>
				<artifacts>
				</artifacts>
			</revision>
		</module>
		<module organisation="org.apache.ant" name="ant">
			<revision name="1.9.4" status="release" pubdate="20171026154249" resolver="local-m2" artresolver="default" homepage="http://ant.apache.org/" downloaded="false" searched="false" default="false" conf="master(*), compile, runtime(*), runtime, compile(*), master" position="6">
				<metadata-artifact status="no" details="" size="3133" time="0" location="/Users/greg/tmp/com.liferay.portal.plugins.sdk-1.0.16/.ivy/cache/org.apache.ant/ant/ivy-1.9.4.xml" searched="false" original-local-location="/Users/greg/.m2/repository/org/apache/ant/ant/1.9.4/ant-1.9.4.pom" origin-is-local="true" origin-location="file:/Users/greg/.m2/repository/org/apache/ant/ant/1.9.4/ant-1.9.4.pom"/>
				<caller organisation="com.liferay" name="com.liferay.css.builder" conf="default, compile, runtime, master" rev="1.9.4" rev-constraint-default="1.9.4" rev-constraint-dynamic="1.9.4" callerrev="1.0.20"/>
				<artifacts>
					<artifact name="ant" type="jar" ext="jar" status="no" details="" size="2019274" time="0" location="/Users/greg/tmp/com.liferay.portal.plugins.sdk-1.0.16/.ivy/cache/org.apache.ant/ant/jars/ant-1.9.4.jar">
						<origin-location is-local="true" location="file:/Users/greg/.m2/repository/org/apache/ant/ant/1.9.4/ant-1.9.4.jar"/>
					</artifact>
				</artifacts>
			</revision>
		</module>
		<module organisation="org.apache.ant" name="ant-launcher">
			<revision name="1.9.4" status="release" pubdate="20171026154249" resolver="local-m2" artresolver="default" homepage="http://ant.apache.org/" downloaded="false" searched="false" default="false" conf="master(*), compile, runtime(*), runtime, compile(*), master" position="7">
				<metadata-artifact status="no" details="" size="2638" time="0" location="/Users/greg/tmp/com.liferay.portal.plugins.sdk-1.0.16/.ivy/cache/org.apache.ant/ant-launcher/ivy-1.9.4.xml" searched="false" original-local-location="/Users/greg/.m2/repository/org/apache/ant/ant-launcher/1.9.4/ant-launcher-1.9.4.pom" origin-is-local="true" origin-location="file:/Users/greg/.m2/repository/org/apache/ant/ant-launcher/1.9.4/ant-launcher-1.9.4.pom"/>
				<caller organisation="org.apache.ant" name="ant" conf="compile, runtime" rev="1.9.4" rev-constraint-default="1.9.4" rev-constraint-dynamic="1.9.4" callerrev="1.9.4"/>
				<artifacts>
					<artifact name="ant-launcher" type="jar" ext="jar" status="no" details="" size="18381" time="0" location="/Users/greg/tmp/com.liferay.portal.plugins.sdk-1.0.16/.ivy/cache/org.apache.ant/ant-launcher/jars/ant-launcher-1.9.4.jar">
						<origin-location is-local="true" location="file:/Users/greg/.m2/repository/org/apache/ant/ant-launcher/1.9.4/ant-launcher-1.9.4.jar"/>
					</artifact>
				</artifacts>
			</revision>
		</module>
		<module organisation="com.liferay" name="com.liferay.sass.compiler.ruby">
			<revision name="2.0.3" status="release" pubdate="20160426181628" resolver="liferay-public" artresolver="default" homepage="" downloaded="true" searched="true" default="false" conf="master(*), compile, runtime(*), runtime, compile(*), master" position="4">
				<license name="LGPL 2.1" url="http://www.gnu.org/licenses/old-licenses/lgpl-2.1.txt"/>
				<metadata-artifact status="successful" details="" size="1626" time="578" location="/Users/greg/tmp/com.liferay.portal.plugins.sdk-1.0.16/.ivy/cache/com.liferay/com.liferay.sass.compiler.ruby/ivy-2.0.3.xml" searched="true" original-local-location="/Users/greg/tmp/com.liferay.portal.plugins.sdk-1.0.16/.ivy/cache/com.liferay/com.liferay.sass.compiler.ruby/ivy-2.0.3.xml.original" origin-is-local="false" origin-location="https://cdn.lfrs.sl/repository.liferay.com/nexus/content/groups/public/com/liferay/com.liferay.sass.compiler.ruby/2.0.3/com.liferay.sass.compiler.ruby-2.0.3.pom"/>
				<caller organisation="com.liferay" name="com.liferay.css.builder" conf="default, compile, runtime, master" rev="2.0.3" rev-constraint-default="2.0.3" rev-constraint-dynamic="2.0.3" callerrev="1.0.20"/>
				<artifacts>
					<artifact name="com.liferay.sass.compiler.ruby" type="jar" ext="jar" status="successful" details="" size="3280656" time="1557" location="/Users/greg/tmp/com.liferay.portal.plugins.sdk-1.0.16/.ivy/cache/com.liferay/com.liferay.sass.compiler.ruby/jars/com.liferay.sass.compiler.ruby-2.0.3.jar">
						<origin-location is-local="false" location="https://cdn.lfrs.sl/repository.liferay.com/nexus/content/groups/public/com/liferay/com.liferay.sass.compiler.ruby/2.0.3/com.liferay.sass.compiler.ruby-2.0.3.jar"/>
					</artifact>
				</artifacts>
			</revision>
		</module>
		<module organisation="org.jruby" name="jruby-complete">
			<revision name="1.7.20" status="release" pubdate="20171026154249" resolver="local-m2" artresolver="default" homepage="" downloaded="true" searched="true" default="false" conf="master(*), compile, runtime(*), runtime, compile(*), master" position="5">
				<metadata-artifact status="successful" details="" size="8285" time="2" location="/Users/greg/tmp/com.liferay.portal.plugins.sdk-1.0.16/.ivy/cache/org.jruby/jruby-complete/ivy-1.7.20.xml" searched="true" original-local-location="/Users/greg/tmp/com.liferay.portal.plugins.sdk-1.0.16/.ivy/cache/org.jruby/jruby-complete/ivy-1.7.20.xml.original" origin-is-local="true" origin-location="file:/Users/greg/.m2/repository/org/jruby/jruby-complete/1.7.20/jruby-complete-1.7.20.pom"/>
				<caller organisation="com.liferay" name="com.liferay.sass.compiler.ruby" conf="compile, runtime" rev="1.7.20" rev-constraint-default="1.7.20" rev-constraint-dynamic="1.7.20" callerrev="2.0.3"/>
				<artifacts>
					<artifact name="jruby-complete" type="bundle" ext="jar" status="successful" details="" size="23652352" time="166" location="/Users/greg/tmp/com.liferay.portal.plugins.sdk-1.0.16/.ivy/cache/org.jruby/jruby-complete/bundles/jruby-complete-1.7.20.jar">
						<origin-location is-local="true" location="file:/Users/greg/.m2/repository/org/jruby/jruby-complete/1.7.20/jruby-complete-1.7.20.jar"/>
					</artifact>
				</artifacts>
			</revision>
		</module>
		<module organisation="com.liferay" name="com.liferay.sass.compiler.jni">
			<revision name="2.0.4" status="release" pubdate="20160430153251" resolver="liferay-public" artresolver="default" homepage="" downloaded="true" searched="true" default="false" conf="master(*), compile, runtime(*), runtime, compile(*), master" position="2">
				<license name="LGPL 2.1" url="http://www.gnu.org/licenses/old-licenses/lgpl-2.1.txt"/>
				<metadata-artifact status="successful" details="" size="1440" time="541" location="/Users/greg/tmp/com.liferay.portal.plugins.sdk-1.0.16/.ivy/cache/com.liferay/com.liferay.sass.compiler.jni/ivy-2.0.4.xml" searched="true" original-local-location="/Users/greg/tmp/com.liferay.portal.plugins.sdk-1.0.16/.ivy/cache/com.liferay/com.liferay.sass.compiler.jni/ivy-2.0.4.xml.original" origin-is-local="false" origin-location="https://cdn.lfrs.sl/repository.liferay.com/nexus/content/groups/public/com/liferay/com.liferay.sass.compiler.jni/2.0.4/com.liferay.sass.compiler.jni-2.0.4.pom"/>
				<caller organisation="com.liferay" name="com.liferay.css.builder" conf="default, compile, runtime, master" rev="2.0.4" rev-constraint-default="2.0.4" rev-constraint-dynamic="2.0.4" callerrev="1.0.20"/>
				<artifacts>
					<artifact name="com.liferay.sass.compiler.jni" type="jar" ext="jar" status="successful" details="" size="5098623" time="2311" location="/Users/greg/tmp/com.liferay.portal.plugins.sdk-1.0.16/.ivy/cache/com.liferay/com.liferay.sass.compiler.jni/jars/com.liferay.sass.compiler.jni-2.0.4.jar">
						<origin-location is-local="false" location="https://cdn.lfrs.sl/repository.liferay.com/nexus/content/groups/public/com/liferay/com.liferay.sass.compiler.jni/2.0.4/com.liferay.sass.compiler.jni-2.0.4.jar"/>
					</artifact>
				</artifacts>
			</revision>
		</module>
		<module organisation="com.liferay" name="com.liferay.sass.compiler.api">
			<revision name="2.0.0" status="release" pubdate="20150910224348" resolver="liferay-public" artresolver="default" homepage="" downloaded="true" searched="true" default="false" conf="master(*), compile, runtime(*), runtime, compile(*), master" position="3">
				<license name="LGPL 2.1" url="http://www.gnu.org/licenses/old-licenses/lgpl-2.1.txt"/>
				<metadata-artifact status="successful" details="" size="1034" time="559" location="/Users/greg/tmp/com.liferay.portal.plugins.sdk-1.0.16/.ivy/cache/com.liferay/com.liferay.sass.compiler.api/ivy-2.0.0.xml" searched="true" original-local-location="/Users/greg/tmp/com.liferay.portal.plugins.sdk-1.0.16/.ivy/cache/com.liferay/com.liferay.sass.compiler.api/ivy-2.0.0.xml.original" origin-is-local="false" origin-location="https://cdn.lfrs.sl/repository.liferay.com/nexus/content/groups/public/com/liferay/com.liferay.sass.compiler.api/2.0.0/com.liferay.sass.compiler.api-2.0.0.pom"/>
				<caller organisation="com.liferay" name="com.liferay.sass.compiler.jni" conf="compile, runtime" rev="2.0.0" rev-constraint-default="2.0.0" rev-constraint-dynamic="2.0.0" callerrev="2.0.4"/>
				<caller organisation="com.liferay" name="com.liferay.sass.compiler.ruby" conf="compile, runtime" rev="2.0.0" rev-constraint-default="2.0.0" rev-constraint-dynamic="2.0.0" callerrev="2.0.3"/>
				<artifacts>
					<artifact name="com.liferay.sass.compiler.api" type="jar" ext="jar" status="successful" details="" size="2412" time="400" location="/Users/greg/tmp/com.liferay.portal.plugins.sdk-1.0.16/.ivy/cache/com.liferay/com.liferay.sass.compiler.api/jars/com.liferay.sass.compiler.api-2.0.0.jar">
						<origin-location is-local="false" location="https://cdn.lfrs.sl/repository.liferay.com/nexus/content/groups/public/com/liferay/com.liferay.sass.compiler.api/2.0.0/com.liferay.sass.compiler.api-2.0.0.jar"/>
					</artifact>
				</artifacts>
			</revision>
		</module>
		<module organisation="com.liferay" name="com.liferay.rtl.css">
			<revision name="1.0.5" status="release" pubdate="20180531091937" resolver="local-m2" artresolver="default" homepage="" downloaded="true" searched="true" default="false" conf="master(*), compile, runtime(*), runtime, compile(*), master" position="1">
				<license name="LGPL 2.1" url="http://www.gnu.org/licenses/old-licenses/lgpl-2.1.txt"/>
				<metadata-artifact status="successful" details="" size="1765" time="2" location="/Users/greg/tmp/com.liferay.portal.plugins.sdk-1.0.16/.ivy/cache/com.liferay/com.liferay.rtl.css/ivy-1.0.5.xml" searched="true" original-local-location="/Users/greg/tmp/com.liferay.portal.plugins.sdk-1.0.16/.ivy/cache/com.liferay/com.liferay.rtl.css/ivy-1.0.5.xml.original" origin-is-local="true" origin-location="file:/Users/greg/.m2/repository/com/liferay/com.liferay.rtl.css/1.0.5/com.liferay.rtl.css-1.0.5.pom"/>
				<caller organisation="com.liferay" name="com.liferay.css.builder" conf="default, compile, runtime, master" rev="1.0.5" rev-constraint-default="1.0.5" rev-constraint-dynamic="1.0.5" callerrev="1.0.20"/>
				<artifacts>
					<artifact name="com.liferay.rtl.css" type="jar" ext="jar" status="successful" details="" size="2558524" time="19" location="/Users/greg/tmp/com.liferay.portal.plugins.sdk-1.0.16/.ivy/cache/com.liferay/com.liferay.rtl.css/jars/com.liferay.rtl.css-1.0.5.jar">
						<origin-location is-local="true" location="file:/Users/greg/.m2/repository/com/liferay/com.liferay.rtl.css/1.0.5/com.liferay.rtl.css-1.0.5.jar"/>
					</artifact>
				</artifacts>
			</revision>
		</module>
	</dependencies>
</ivy-report>
