<?xml version="1.0" encoding="UTF-8"?>
<ivy-module version="2.0" xmlns:m2="http://ant.apache.org/ivy/maven" xmlns:xsi="http://www.w3.org/2001/XMLSchema-instance" xsi:noNamespaceSchemaLocation="http://ant.apache.org/ivy/schemas/ivy.xsd">
	<info organisation="com.liferay" module="com.liferay.sdk.dependencies.com.liferay.css.builder" revision="working@guaige-2.local" status="integration" publication="20161007091718">
		<extends extendType="configurations,description,info" location="/Users/greg/tmp/com.liferay.portal.plugins.sdk-1.0.16/ivy.xml" module="com.liferay.sdk" organisation="com.liferay" revision="latest.integration"/>
	</info>

	<dependencies defaultconf="default">
		<dependency name="com.liferay.css.builder" org="com.liferay" rev="1.0.20"/>
		<dependency name="com.liferay.frontend.css.common" org="com.liferay" rev="2.0.1"/>
		<dependency name="com.liferay.frontend.theme.admin.web" org="com.liferay" rev="1.0.3"/>
		<dependency name="com.liferay.frontend.theme.classic.web" org="com.liferay" rev="2.0.2"/>
		<dependency name="com.liferay.frontend.theme.styled" org="com.liferay" rev="2.0.9"/>
		<dependency name="com.liferay.frontend.theme.unstyled" org="com.liferay" rev="2.0.9"/>
	</dependencies>
</ivy-module>
