<?xml version="1.0" encoding="UTF-8"?>
<ivy-module version="2.0" xmlns:m="http://ant.apache.org/ivy/maven">
	<info organisation="org.eclipse.jgit"
		module="org.eclipse.jgit"
		revision="4.0.0.201505050340-m2"
		status="release"
		publication="20150505055742"
	>
		<description homepage="">
		Repository access and algorithms
		</description>
		<m:properties__translate-qualifier/>
		<m:properties__source-bundle-manifest>${project.build.directory}/META-INF/SOURCE-MANIFEST.MF</m:properties__source-bundle-manifest>
		<m:properties__osgi-core-version>4.3.1</m:properties__osgi-core-version>
		<m:properties__test-fork-count>1C</m:properties__test-fork-count>
		<m:properties__sonar.core.codeCoveragePlugin>jacoco</m:properties__sonar.core.codeCoveragePlugin>
		<m:properties__bundle-manifest>${project.build.directory}/META-INF/MANIFEST.MF</m:properties__bundle-manifest>
		<m:properties__jetty-version>7.6.14.v20131031</m:properties__jetty-version>
		<m:properties__clirr-version>2.6.1</m:properties__clirr-version>
		<m:properties__jgit-url>http://www.eclipse.org/jgit/</m:properties__jgit-url>
		<m:properties__jgit.website.url>scp://build.eclipse.org/home/data/httpd/download.eclipse.org/jgit/site/${project.version}/</m:properties__jgit.website.url>
		<m:properties__httpclient-version>4.1.3</m:properties__httpclient-version>
		<m:properties__jgit-last-release-version>3.6.0.201412230720-r</m:properties__jgit-last-release-version>
		<m:properties__maven-javadoc-plugin-version>2.10.1</m:properties__maven-javadoc-plugin-version>
		<m:properties__servlet-api-version>2.5</m:properties__servlet-api-version>
		<m:properties__maven.build.timestamp.format>yyyyMMddHHmm</m:properties__maven.build.timestamp.format>
		<m:properties__project.build.sourceEncoding>UTF-8</m:properties__project.build.sourceEncoding>
		<m:properties__junit-version>4.11</m:properties__junit-version>
		<m:properties__slf4j-version>1.7.2</m:properties__slf4j-version>
		<m:properties__log4j-version>1.2.15</m:properties__log4j-version>
		<m:properties__jgit-copyright>Copyright (c) 2005, 2009 Shawn Pearce, Robin Rosenberg, et.al.</m:properties__jgit-copyright>
		<m:properties__sonar.jacoco.reportPath>../target/jacoco.exec</m:properties__sonar.jacoco.reportPath>
		<m:properties__project.reporting.outputEncoding>UTF-8</m:properties__project.reporting.outputEncoding>
		<m:properties__commons-compress-version>1.6</m:properties__commons-compress-version>
		<m:properties__sonar.dynamicAnalysis>reuseReports</m:properties__sonar.dynamicAnalysis>
		<m:properties__jsch-version>0.1.50</m:properties__jsch-version>
		<m:properties__args4j-version>2.0.15</m:properties__args4j-version>
		<m:properties__javaewah-version>0.7.9</m:properties__javaewah-version>
		<m:dependency.management__com.jcraft__jsch__version>0.1.50</m:dependency.management__com.jcraft__jsch__version>
		<m:dependency.management__com.googlecode.javaewah__JavaEWAH__version>0.7.9</m:dependency.management__com.googlecode.javaewah__JavaEWAH__version>
		<m:dependency.management__args4j__args4j__version>2.0.15</m:dependency.management__args4j__args4j__version>
		<m:dependency.management__junit__junit__version>4.11</m:dependency.management__junit__junit__version>
		<m:dependency.management__javax.servlet__servlet-api__version>2.5</m:dependency.management__javax.servlet__servlet-api__version>
		<m:dependency.management__org.apache.commons__commons-compress__version>1.6</m:dependency.management__org.apache.commons__commons-compress__version>
		<m:dependency.management__org.eclipse.jetty__jetty-servlet__version>7.6.14.v20131031</m:dependency.management__org.eclipse.jetty__jetty-servlet__version>
		<m:dependency.management__org.osgi__org.osgi.core__version>4.3.1</m:dependency.management__org.osgi__org.osgi.core__version>
		<m:dependency.management__org.apache.httpcomponents__httpclient__version>4.1.3</m:dependency.management__org.apache.httpcomponents__httpclient__version>
		<m:dependency.management__org.slf4j__slf4j-api__version>1.7.2</m:dependency.management__org.slf4j__slf4j-api__version>
		<m:dependency.management__org.slf4j__slf4j-log4j12__version>1.7.2</m:dependency.management__org.slf4j__slf4j-log4j12__version>
		<m:dependency.management__log4j__log4j__version>1.2.15</m:dependency.management__log4j__log4j__version>
		<m:dependency.management__log4j__log4j__exclusion_0>javax.mail__mail</m:dependency.management__log4j__log4j__exclusion_0>
		<m:dependency.management__log4j__log4j__exclusion_1>javax.jms__jms</m:dependency.management__log4j__log4j__exclusion_1>
		<m:dependency.management__log4j__log4j__exclusion_2>com.sun.jdmk__jmxtools</m:dependency.management__log4j__log4j__exclusion_2>
		<m:dependency.management__log4j__log4j__exclusion_3>com.sun.jmx__jmxri</m:dependency.management__log4j__log4j__exclusion_3>
		<m:maven.plugins>null__maven-compiler-plugin__null|org.apache.maven.plugins__maven-antrun-plugin__null|org.codehaus.mojo__build-helper-maven-plugin__null|org.apache.maven.plugins__maven-javadoc-plugin__null|org.apache.maven.plugins__maven-source-plugin__null|org.jacoco__jacoco-maven-plugin__null|null__maven-compiler-plugin__null|org.apache.maven.plugins__maven-antrun-plugin__null|org.codehaus.mojo__build-helper-maven-plugin__null|org.apache.maven.plugins__maven-javadoc-plugin__null|org.apache.maven.plugins__maven-source-plugin__null|org.jacoco__jacoco-maven-plugin__null|org.apache.maven.plugins__maven-antrun-plugin__null|org.apache.maven.plugins__maven-source-plugin__null|null__maven-jar-plugin__null|org.codehaus.mojo__clirr-maven-plugin__null</m:maven.plugins>
	</info>
	<configurations>
		<conf name="default" visibility="public" description="runtime dependencies and master artifact can be used with this conf" extends="runtime,master"/>
		<conf name="master" visibility="public" description="contains only the artifact published by this module itself, with no transitive dependencies"/>
		<conf name="compile" visibility="public" description="this is the default scope, used if none is specified. Compile dependencies are available in all classpaths."/>
		<conf name="provided" visibility="public" description="this is much like compile, but indicates you expect the JDK or a container to provide it. It is only available on the compilation classpath, and is not transitive."/>
		<conf name="runtime" visibility="public" description="this scope indicates that the dependency is not required for compilation, but is for execution. It is in the runtime and test classpaths, but not the compile classpath." extends="compile"/>
		<conf name="test" visibility="private" description="this scope indicates that the dependency is not required for normal use of the application, and is only available for the test compilation and execution phases." extends="runtime"/>
		<conf name="system" visibility="public" description="this scope is similar to provided except that you have to provide the JAR which contains it explicitly. The artifact is always available and is not looked up in a repository."/>
		<conf name="sources" visibility="public" description="this configuration contains the source artifact of this module, if any."/>
		<conf name="javadoc" visibility="public" description="this configuration contains the javadoc artifact of this module, if any."/>
		<conf name="optional" visibility="public" description="contains all optional dependencies"/>
	</configurations>
	<publications>
		<artifact name="org.eclipse.jgit" type="jar" ext="jar" conf="master"/>
		<artifact name="org.eclipse.jgit" type="source" ext="jar" conf="sources" m:classifier="sources"/>
		<artifact name="org.eclipse.jgit" type="javadoc" ext="jar" conf="javadoc" m:classifier="javadoc"/>
	</publications>
	<dependencies>
		<dependency org="com.jcraft" name="jsch" rev="0.1.50" force="true" conf="compile->compile(*),master(*);runtime->runtime(*)"/>
		<dependency org="com.googlecode.javaewah" name="JavaEWAH" rev="0.7.9" force="true" conf="compile->compile(*),master(*);runtime->runtime(*)"/>
		<dependency org="org.apache.httpcomponents" name="httpclient" rev="4.1.3" force="true" conf="compile->compile(*),master(*);runtime->runtime(*)"/>
		<dependency org="org.slf4j" name="slf4j-api" rev="1.7.2" force="true" conf="compile->compile(*),master(*);runtime->runtime(*)"/>
		<override org="com.googlecode.javaewah" module="JavaEWAH" matcher="exact" rev="0.7.9"/>
		<override org="org.apache.commons" module="commons-compress" matcher="exact" rev="1.6"/>
		<override org="log4j" module="log4j" matcher="exact" rev="1.2.15"/>
		<override org="javax.servlet" module="servlet-api" matcher="exact" rev="2.5"/>
		<override org="com.jcraft" module="jsch" matcher="exact" rev="0.1.50"/>
		<override org="args4j" module="args4j" matcher="exact" rev="2.0.15"/>
		<override org="org.eclipse.jetty" module="jetty-servlet" matcher="exact" rev="7.6.14.v20131031"/>
		<override org="org.slf4j" module="slf4j-log4j12" matcher="exact" rev="1.7.2"/>
		<override org="junit" module="junit" matcher="exact" rev="4.11"/>
		<override org="org.apache.httpcomponents" module="httpclient" matcher="exact" rev="4.1.3"/>
		<override org="org.osgi" module="org.osgi.core" matcher="exact" rev="4.3.1"/>
		<override org="org.slf4j" module="slf4j-api" matcher="exact" rev="1.7.2"/>
	</dependencies>
</ivy-module>
