<?xml version="1.0" encoding="UTF-8"?>
<ivy-module version="2.0" xmlns:m="http://ant.apache.org/ivy/maven">
	<info organisation="org.apache.maven"
		module="maven"
		revision="3.3.9"
		status="release"
		publication="20171026160633"
	>
		<description homepage="http://maven.apache.org/ref/${project.version}/">
		Maven is a software build management and
    comprehension tool. Based on the concept of a project object model:
    builds, dependency management, documentation creation, site
    publication, and distribution publication are all controlled from
    the declarative file. Maven can be extended by plugins to utilise a
    number of other development tools for reporting or the build
    process.
		</description>
		<m:properties__modelloVersion>1.8.3</m:properties__modelloVersion>
		<m:properties__commonsLangVersion>3.4</m:properties__commonsLangVersion>
		<m:properties__guavaVersion>18.0</m:properties__guavaVersion>
		<m:properties__plexusVersion>1.6</m:properties__plexusVersion>
		<m:properties__maven.test.redirectTestOutputToFile>true</m:properties__maven.test.redirectTestOutputToFile>
		<m:properties__checkstyle.violation.ignore>RedundantThrows,NewlineAtEndOfFile,ParameterNumber,MethodLength,FileLength,JavadocType,MagicNumber,InnerAssignment,MethodName</m:properties__checkstyle.violation.ignore>
		<m:properties__distributionId>apache-maven</m:properties__distributionId>
		<m:properties__cipherVersion>1.7</m:properties__cipherVersion>
		<m:properties__distributionShortName>Maven</m:properties__distributionShortName>
		<m:properties__plexusUtilsVersion>3.0.22</m:properties__plexusUtilsVersion>
		<m:properties__wagonVersion>2.10</m:properties__wagonVersion>
		<m:properties__junitVersion>4.11</m:properties__junitVersion>
		<m:properties__checkstyle.excludes>**/package-info.java</m:properties__checkstyle.excludes>
		<m:properties__guiceVersion>4.0</m:properties__guiceVersion>
		<m:properties__classWorldsVersion>2.5.2</m:properties__classWorldsVersion>
		<m:properties__maven.site.path>ref/3-LATEST</m:properties__maven.site.path>
		<m:properties__maven.version>3.0.5</m:properties__maven.version>
		<m:properties__maven.compiler.source>1.7</m:properties__maven.compiler.source>
		<m:properties__slf4jVersion>1.7.5</m:properties__slf4jVersion>
		<m:properties__commonsCliVersion>1.2</m:properties__commonsCliVersion>
		<m:properties__plexusInterpolationVersion>1.21</m:properties__plexusInterpolationVersion>
		<m:properties__maven.compiler.target>1.7</m:properties__maven.compiler.target>
		<m:properties__sisuInjectVersion>0.3.2</m:properties__sisuInjectVersion>
		<m:properties__aetherVersion>1.0.2.v20150114</m:properties__aetherVersion>
		<m:properties__distributionName>Apache Maven</m:properties__distributionName>
		<m:properties__jxpathVersion>1.3</m:properties__jxpathVersion>
		<m:properties__securityDispatcherVersion>1.3</m:properties__securityDispatcherVersion>
		<m:properties__javaVersion>6</m:properties__javaVersion>
		<m:properties__sonar.host.url>https://analysis.apache.org/</m:properties__sonar.host.url>
		<m:properties__mavenPluginToolsVersion>3.4</m:properties__mavenPluginToolsVersion>
		<m:properties__maven.site.cache>${user.home}/maven-sites</m:properties__maven.site.cache>
		<m:properties__distMgmtSnapshotsUrl>https://repository.apache.org/content/repositories/snapshots</m:properties__distMgmtSnapshotsUrl>
		<m:properties__project.build.sourceEncoding>UTF-8</m:properties__project.build.sourceEncoding>
		<m:properties__gpg.useagent>true</m:properties__gpg.useagent>
		<m:properties__distMgmtSnapshotsName>Apache Development Snapshot Repository</m:properties__distMgmtSnapshotsName>
		<m:properties__arguments/>
		<m:properties__project.reporting.outputEncoding>UTF-8</m:properties__project.reporting.outputEncoding>
		<m:properties__sourceReleaseAssemblyDescriptor>source-release</m:properties__sourceReleaseAssemblyDescriptor>
		<m:properties__organization.logo>http://www.apache.org/images/asf_logo_wide.gif</m:properties__organization.logo>
		<m:maven.plugins>org.apache.maven.plugins__maven-remote-resources-plugin__null|org.apache.maven.plugins__maven-site-plugin__null|org.apache.maven.plugins__maven-remote-resources-plugin__null|org.apache.maven.plugins__maven-site-plugin__null|org.apache.maven.plugins__maven-checkstyle-plugin__null|org.apache.maven.plugins__maven-enforcer-plugin__null|org.apache.rat__apache-rat-plugin__null|org.apache.maven.plugins__maven-remote-resources-plugin__null|org.apache.maven.plugins__maven-site-plugin__null|org.apache.maven.plugins__maven-remote-resources-plugin__null|org.apache.maven.plugins__maven-site-plugin__null|org.apache.maven.plugins__maven-checkstyle-plugin__null|org.apache.maven.plugins__maven-enforcer-plugin__null|org.apache.rat__apache-rat-plugin__null|org.codehaus.mojo__animal-sniffer-maven-plugin__1.14|org.apache.maven.plugins__maven-doap-plugin__1.1|org.apache.rat__apache-rat-plugin__null|org.apache.maven.plugins__maven-enforcer-plugin__null</m:maven.plugins>
		<m:dependency.management__org.codehaus.plexus__plexus-component-annotations__version>1.6</m:dependency.management__org.codehaus.plexus__plexus-component-annotations__version>
		<m:dependency.management__org.apache.maven.plugin-tools__maven-plugin-annotations__version>3.4</m:dependency.management__org.apache.maven.plugin-tools__maven-plugin-annotations__version>
		<m:dependency.management__org.apache.maven.plugin-tools__maven-plugin-annotations__scope>provided</m:dependency.management__org.apache.maven.plugin-tools__maven-plugin-annotations__scope>
		<m:dependency.management__org.apache.maven__maven-model__version>3.3.9</m:dependency.management__org.apache.maven__maven-model__version>
		<m:dependency.management__org.apache.maven__maven-settings__version>3.3.9</m:dependency.management__org.apache.maven__maven-settings__version>
		<m:dependency.management__org.apache.maven__maven-settings-builder__version>3.3.9</m:dependency.management__org.apache.maven__maven-settings-builder__version>
		<m:dependency.management__org.apache.maven__maven-plugin-api__version>3.3.9</m:dependency.management__org.apache.maven__maven-plugin-api__version>
		<m:dependency.management__org.apache.maven__maven-embedder__version>3.3.9</m:dependency.management__org.apache.maven__maven-embedder__version>
		<m:dependency.management__org.apache.maven__maven-core__version>3.3.9</m:dependency.management__org.apache.maven__maven-core__version>
		<m:dependency.management__org.apache.maven__maven-model-builder__version>3.3.9</m:dependency.management__org.apache.maven__maven-model-builder__version>
		<m:dependency.management__org.apache.maven__maven-compat__version>3.3.9</m:dependency.management__org.apache.maven__maven-compat__version>
		<m:dependency.management__org.apache.maven__maven-artifact__version>3.3.9</m:dependency.management__org.apache.maven__maven-artifact__version>
		<m:dependency.management__org.apache.maven__maven-aether-provider__version>3.3.9</m:dependency.management__org.apache.maven__maven-aether-provider__version>
		<m:dependency.management__org.apache.maven__maven-repository-metadata__version>3.3.9</m:dependency.management__org.apache.maven__maven-repository-metadata__version>
		<m:dependency.management__org.apache.maven__maven-builder-support__version>3.3.9</m:dependency.management__org.apache.maven__maven-builder-support__version>
		<m:dependency.management__org.codehaus.plexus__plexus-utils__version>3.0.22</m:dependency.management__org.codehaus.plexus__plexus-utils__version>
		<m:dependency.management__com.google.guava__guava__version>18.0</m:dependency.management__com.google.guava__guava__version>
		<m:dependency.management__com.google.inject__guice__version>4.0</m:dependency.management__com.google.inject__guice__version>
		<m:dependency.management__org.eclipse.sisu__org.eclipse.sisu.plexus__version>0.3.2</m:dependency.management__org.eclipse.sisu__org.eclipse.sisu.plexus__version>
		<m:dependency.management__org.codehaus.plexus__plexus-component-annotations__exclusion_0>junit__junit</m:dependency.management__org.codehaus.plexus__plexus-component-annotations__exclusion_0>
		<m:dependency.management__org.codehaus.plexus__plexus-classworlds__version>2.5.2</m:dependency.management__org.codehaus.plexus__plexus-classworlds__version>
		<m:dependency.management__org.codehaus.plexus__plexus-interpolation__version>1.21</m:dependency.management__org.codehaus.plexus__plexus-interpolation__version>
		<m:dependency.management__org.slf4j__slf4j-api__version>1.7.5</m:dependency.management__org.slf4j__slf4j-api__version>
		<m:dependency.management__org.slf4j__slf4j-simple__version>1.7.5</m:dependency.management__org.slf4j__slf4j-simple__version>
		<m:dependency.management__ch.qos.logback__logback-classic__version>1.0.7</m:dependency.management__ch.qos.logback__logback-classic__version>
		<m:dependency.management__org.apache.maven.wagon__wagon-provider-api__version>2.10</m:dependency.management__org.apache.maven.wagon__wagon-provider-api__version>
		<m:dependency.management__org.apache.maven.wagon__wagon-file__version>2.10</m:dependency.management__org.apache.maven.wagon__wagon-file__version>
		<m:dependency.management__org.apache.maven.wagon__wagon-http__version>2.10</m:dependency.management__org.apache.maven.wagon__wagon-http__version>
		<m:dependency.management__org.apache.maven.wagon__wagon-http__exclusion_0>commons-logging__commons-logging</m:dependency.management__org.apache.maven.wagon__wagon-http__exclusion_0>
		<m:dependency.management__org.eclipse.aether__aether-api__version>1.0.2.v20150114</m:dependency.management__org.eclipse.aether__aether-api__version>
		<m:dependency.management__org.eclipse.aether__aether-spi__version>1.0.2.v20150114</m:dependency.management__org.eclipse.aether__aether-spi__version>
		<m:dependency.management__org.eclipse.aether__aether-impl__version>1.0.2.v20150114</m:dependency.management__org.eclipse.aether__aether-impl__version>
		<m:dependency.management__org.eclipse.aether__aether-util__version>1.0.2.v20150114</m:dependency.management__org.eclipse.aether__aether-util__version>
		<m:dependency.management__org.eclipse.aether__aether-connector-basic__version>1.0.2.v20150114</m:dependency.management__org.eclipse.aether__aether-connector-basic__version>
		<m:dependency.management__org.eclipse.aether__aether-transport-wagon__version>1.0.2.v20150114</m:dependency.management__org.eclipse.aether__aether-transport-wagon__version>
		<m:dependency.management__commons-cli__commons-cli__version>1.2</m:dependency.management__commons-cli__commons-cli__version>
		<m:dependency.management__commons-cli__commons-cli__exclusion_0>commons-lang__commons-lang</m:dependency.management__commons-cli__commons-cli__exclusion_0>
		<m:dependency.management__commons-cli__commons-cli__exclusion_1>commons-logging__commons-logging</m:dependency.management__commons-cli__commons-cli__exclusion_1>
		<m:dependency.management__commons-jxpath__commons-jxpath__version>1.3</m:dependency.management__commons-jxpath__commons-jxpath__version>
		<m:dependency.management__org.apache.commons__commons-lang3__version>3.4</m:dependency.management__org.apache.commons__commons-lang3__version>
		<m:dependency.management__org.sonatype.plexus__plexus-sec-dispatcher__version>1.3</m:dependency.management__org.sonatype.plexus__plexus-sec-dispatcher__version>
		<m:dependency.management__org.sonatype.plexus__plexus-cipher__version>1.7</m:dependency.management__org.sonatype.plexus__plexus-cipher__version>
	</info>
	<configurations>
		<conf name="default" visibility="public" description="runtime dependencies and master artifact can be used with this conf" extends="runtime,master"/>
		<conf name="master" visibility="public" description="contains only the artifact published by this module itself, with no transitive dependencies"/>
		<conf name="compile" visibility="public" description="this is the default scope, used if none is specified. Compile dependencies are available in all classpaths."/>
		<conf name="provided" visibility="public" description="this is much like compile, but indicates you expect the JDK or a container to provide it. It is only available on the compilation classpath, and is not transitive."/>
		<conf name="runtime" visibility="public" description="this scope indicates that the dependency is not required for compilation, but is for execution. It is in the runtime and test classpaths, but not the compile classpath." extends="compile"/>
		<conf name="test" visibility="private" description="this scope indicates that the dependency is not required for normal use of the application, and is only available for the test compilation and execution phases." extends="runtime"/>
		<conf name="system" visibility="public" description="this scope is similar to provided except that you have to provide the JAR which contains it explicitly. The artifact is always available and is not looked up in a repository."/>
		<conf name="sources" visibility="public" description="this configuration contains the source artifact of this module, if any."/>
		<conf name="javadoc" visibility="public" description="this configuration contains the javadoc artifact of this module, if any."/>
		<conf name="optional" visibility="public" description="contains all optional dependencies"/>
	</configurations>
	<publications>
	</publications>
	<dependencies>
		<dependency org="junit" name="junit" rev="4.11" force="true" conf="test->runtime(*),master(*)"/>
		<override org="org.apache.maven.plugin-tools" module="maven-plugin-annotations" matcher="exact" rev="3.4"/>
		<override org="org.codehaus.plexus" module="plexus-component-annotations" matcher="exact" rev="1.5.5"/>
		<override org="org.apache.maven" module="maven-model" matcher="exact" rev="3.3.9"/>
		<override org="org.apache.maven" module="maven-settings" matcher="exact" rev="3.3.9"/>
		<override org="org.apache.maven" module="maven-settings-builder" matcher="exact" rev="3.3.9"/>
		<override org="org.apache.maven" module="maven-plugin-api" matcher="exact" rev="3.3.9"/>
		<override org="org.apache.maven" module="maven-embedder" matcher="exact" rev="3.3.9"/>
		<override org="org.apache.maven" module="maven-core" matcher="exact" rev="3.3.9"/>
		<override org="org.apache.maven" module="maven-model-builder" matcher="exact" rev="3.3.9"/>
		<override org="org.apache.maven" module="maven-compat" matcher="exact" rev="3.3.9"/>
		<override org="org.apache.maven" module="maven-artifact" matcher="exact" rev="3.3.9"/>
		<override org="org.apache.maven" module="maven-aether-provider" matcher="exact" rev="3.3.9"/>
		<override org="org.apache.maven" module="maven-repository-metadata" matcher="exact" rev="3.3.9"/>
		<override org="org.apache.maven" module="maven-builder-support" matcher="exact" rev="3.3.9"/>
		<override org="org.codehaus.plexus" module="plexus-utils" matcher="exact" rev="3.0.22"/>
		<override org="com.google.guava" module="guava" matcher="exact" rev="18.0"/>
		<override org="com.google.inject" module="guice" matcher="exact" rev="4.0"/>
		<override org="com.google.inject" module="guice" matcher="exact" rev="4.0"/>
		<override org="org.eclipse.sisu" module="org.eclipse.sisu.plexus" matcher="exact" rev="0.3.2"/>
		<override org="org.codehaus.plexus" module="plexus-component-annotations" matcher="exact" rev="1.6"/>
		<override org="org.codehaus.plexus" module="plexus-classworlds" matcher="exact" rev="2.5.2"/>
		<override org="org.codehaus.plexus" module="plexus-interpolation" matcher="exact" rev="1.21"/>
		<override org="org.slf4j" module="slf4j-api" matcher="exact" rev="1.7.5"/>
		<override org="org.slf4j" module="slf4j-simple" matcher="exact" rev="1.7.5"/>
		<override org="ch.qos.logback" module="logback-classic" matcher="exact" rev="1.0.7"/>
		<override org="org.apache.maven.wagon" module="wagon-provider-api" matcher="exact" rev="2.10"/>
		<override org="org.apache.maven.wagon" module="wagon-file" matcher="exact" rev="2.10"/>
		<override org="org.apache.maven.wagon" module="wagon-http" matcher="exact" rev="2.10"/>
		<override org="org.eclipse.aether" module="aether-api" matcher="exact" rev="1.0.2.v20150114"/>
		<override org="org.eclipse.aether" module="aether-spi" matcher="exact" rev="1.0.2.v20150114"/>
		<override org="org.eclipse.aether" module="aether-impl" matcher="exact" rev="1.0.2.v20150114"/>
		<override org="org.eclipse.aether" module="aether-util" matcher="exact" rev="1.0.2.v20150114"/>
		<override org="org.eclipse.aether" module="aether-connector-basic" matcher="exact" rev="1.0.2.v20150114"/>
		<override org="org.eclipse.aether" module="aether-transport-wagon" matcher="exact" rev="1.0.2.v20150114"/>
		<override org="commons-cli" module="commons-cli" matcher="exact" rev="1.2"/>
		<override org="commons-jxpath" module="commons-jxpath" matcher="exact" rev="1.3"/>
		<override org="org.apache.commons" module="commons-lang3" matcher="exact" rev="3.4"/>
		<override org="org.sonatype.plexus" module="plexus-sec-dispatcher" matcher="exact" rev="1.3"/>
		<override org="org.sonatype.plexus" module="plexus-cipher" matcher="exact" rev="1.7"/>
	</dependencies>
</ivy-module>
