<?xml version="1.0" encoding="UTF-8"?>
<ivy-module version="2.0" xmlns:m="http://ant.apache.org/ivy/maven">
	<info organisation="org.sonatype.spice"
		module="spice-parent"
		revision="15"
		status="release"
		publication="20171026154235"
	>
		<license name="Apache Public License 2.0" url="http://www.apache.org/licenses/LICENSE-2.0" />
		<description homepage="" />
		<m:properties__plexus.version>1.0-beta-3.0.5</m:properties__plexus.version>
		<m:properties__jetty.version>6.1.12</m:properties__jetty.version>
		<m:properties__forgeSnapshotId>forge-snapshots</m:properties__forgeSnapshotId>
		<m:properties__forgeSnapshotUrl>http://repository.sonatype.org/content/repositories/snapshots</m:properties__forgeSnapshotUrl>
		<m:properties__forgeReleaseUrl>http://repository.sonatype.org:8081/service/local/staging/deploy/maven2</m:properties__forgeReleaseUrl>
		<m:properties__forgeReleaseId>forge-releases</m:properties__forgeReleaseId>
		<m:dependency.management__org.codehaus.plexus__plexus-container-default__version>1.0-beta-3.0.5</m:dependency.management__org.codehaus.plexus__plexus-container-default__version>
		<m:dependency.management__org.codehaus.plexus__plexus-container-default__exclusion_0>commons-logging__commons-logging</m:dependency.management__org.codehaus.plexus__plexus-container-default__exclusion_0>
		<m:dependency.management__org.codehaus.plexus__plexus-container-default__exclusion_1>commons-logging__commons-logging-api</m:dependency.management__org.codehaus.plexus__plexus-container-default__exclusion_1>
		<m:dependency.management__org.codehaus.plexus__plexus-container-default__exclusion_2>log4j__log4j</m:dependency.management__org.codehaus.plexus__plexus-container-default__exclusion_2>
		<m:dependency.management__org.codehaus.plexus__plexus-component-annotations__version>1.0-beta-3.0.5</m:dependency.management__org.codehaus.plexus__plexus-component-annotations__version>
		<m:dependency.management__org.codehaus.plexus__plexus-utils__version>1.5.5</m:dependency.management__org.codehaus.plexus__plexus-utils__version>
		<m:dependency.management__org.mortbay.jetty__jetty__version>6.1.12</m:dependency.management__org.mortbay.jetty__jetty__version>
		<m:dependency.management__org.mortbay.jetty__jetty-client__version>6.1.12</m:dependency.management__org.mortbay.jetty__jetty-client__version>
		<m:dependency.management__org.mortbay.jetty__jetty-util__version>6.1.12</m:dependency.management__org.mortbay.jetty__jetty-util__version>
		<m:dependency.management__junit__junit__version>4.5</m:dependency.management__junit__junit__version>
		<m:dependency.management__junit__junit__scope>test</m:dependency.management__junit__junit__scope>
	</info>
	<configurations>
		<conf name="default" visibility="public" description="runtime dependencies and master artifact can be used with this conf" extends="runtime,master"/>
		<conf name="master" visibility="public" description="contains only the artifact published by this module itself, with no transitive dependencies"/>
		<conf name="compile" visibility="public" description="this is the default scope, used if none is specified. Compile dependencies are available in all classpaths."/>
		<conf name="provided" visibility="public" description="this is much like compile, but indicates you expect the JDK or a container to provide it. It is only available on the compilation classpath, and is not transitive."/>
		<conf name="runtime" visibility="public" description="this scope indicates that the dependency is not required for compilation, but is for execution. It is in the runtime and test classpaths, but not the compile classpath." extends="compile"/>
		<conf name="test" visibility="private" description="this scope indicates that the dependency is not required for normal use of the application, and is only available for the test compilation and execution phases." extends="runtime"/>
		<conf name="system" visibility="public" description="this scope is similar to provided except that you have to provide the JAR which contains it explicitly. The artifact is always available and is not looked up in a repository."/>
		<conf name="sources" visibility="public" description="this configuration contains the source artifact of this module, if any."/>
		<conf name="javadoc" visibility="public" description="this configuration contains the javadoc artifact of this module, if any."/>
		<conf name="optional" visibility="public" description="contains all optional dependencies"/>
	</configurations>
	<publications>
	</publications>
</ivy-module>
