<?xml version="1.0" encoding="UTF-8"?>
<ivy-module version="2.0" xmlns:m="http://ant.apache.org/ivy/maven">
	<info organisation="org.antlr"
		module="antlr4-runtime"
		revision="4.5.3"
		status="release"
		publication="20160330183535"
	>
		<description homepage="">
		The ANTLR 4 Runtime
		</description>
		<m:properties__maven.compiler.target>1.6</m:properties__maven.compiler.target>
		<m:properties__maven.compiler.source>1.6</m:properties__maven.compiler.source>
		<m:properties__project.build.sourceEncoding>UTF-8</m:properties__project.build.sourceEncoding>
		<m:properties__project.reporting.outputEncoding>UTF-8</m:properties__project.reporting.outputEncoding>
		<m:properties__antlr.testinprocess>true</m:properties__antlr.testinprocess>
		<m:properties__sonatypeOssDistMgmtSnapshotsUrl>https://oss.sonatype.org/content/repositories/snapshots/</m:properties__sonatypeOssDistMgmtSnapshotsUrl>
		<m:properties__arguments/>
		<m:maven.plugins>org.apache.maven.plugins__maven-enforcer-plugin__1.2|org.apache.maven.plugins__maven-enforcer-plugin__1.2|org.apache.maven.plugins__maven-enforcer-plugin__1.2|org.apache.maven.plugins__maven-enforcer-plugin__1.2|org.antlr__antlr4-maven-plugin__4.5|org.apache.felix__maven-bundle-plugin__2.5.4|null__maven-jar-plugin__2.4</m:maven.plugins>
	</info>
	<configurations>
		<conf name="default" visibility="public" description="runtime dependencies and master artifact can be used with this conf" extends="runtime,master"/>
		<conf name="master" visibility="public" description="contains only the artifact published by this module itself, with no transitive dependencies"/>
		<conf name="compile" visibility="public" description="this is the default scope, used if none is specified. Compile dependencies are available in all classpaths."/>
		<conf name="provided" visibility="public" description="this is much like compile, but indicates you expect the JDK or a container to provide it. It is only available on the compilation classpath, and is not transitive."/>
		<conf name="runtime" visibility="public" description="this scope indicates that the dependency is not required for compilation, but is for execution. It is in the runtime and test classpaths, but not the compile classpath." extends="compile"/>
		<conf name="test" visibility="private" description="this scope indicates that the dependency is not required for normal use of the application, and is only available for the test compilation and execution phases." extends="runtime"/>
		<conf name="system" visibility="public" description="this scope is similar to provided except that you have to provide the JAR which contains it explicitly. The artifact is always available and is not looked up in a repository."/>
		<conf name="sources" visibility="public" description="this configuration contains the source artifact of this module, if any."/>
		<conf name="javadoc" visibility="public" description="this configuration contains the javadoc artifact of this module, if any."/>
		<conf name="optional" visibility="public" description="contains all optional dependencies"/>
	</configurations>
	<publications>
		<artifact name="antlr4-runtime" type="jar" ext="jar" conf="master"/>
		<artifact name="antlr4-runtime" type="source" ext="jar" conf="sources" m:classifier="sources"/>
		<artifact name="antlr4-runtime" type="javadoc" ext="jar" conf="javadoc" m:classifier="javadoc"/>
	</publications>
</ivy-module>
