<?xml version="1.0" encoding="UTF-8"?>
<ivy-module version="2.0" xmlns:m="http://ant.apache.org/ivy/maven">
	<info organisation="org.codehaus.plexus"
		module="plexus-utils"
		revision="3.0.15"
		status="release"
		publication="20171026154249"
	>
		<description homepage="http://plexus.codehaus.org/plexus-utils">
		A collection of various utility classes to ease working with strings, files, command lines, XML and
    more.
		</description>
		<m:properties__project.build.sourceEncoding>UTF-8</m:properties__project.build.sourceEncoding>
		<m:properties__plexusDistMgmtSnapshotsUrl>https://oss.sonatype.org/content/repositories/plexus-snapshots</m:properties__plexusDistMgmtSnapshotsUrl>
		<m:properties__slf4j.version>1.6.1</m:properties__slf4j.version>
		<m:properties__sisu-inject.version>2.1.1</m:properties__sisu-inject.version>
		<m:properties__forgeSnapshotId>forge-snapshots</m:properties__forgeSnapshotId>
		<m:properties__forgeSnapshotUrl>https://repository.sonatype.org/content/repositories/snapshots</m:properties__forgeSnapshotUrl>
		<m:properties__forgeReleaseUrl>https://repository.sonatype.org/service/local/staging/deploy/maven2</m:properties__forgeReleaseUrl>
		<m:properties__forgeReleaseId>forge-releases</m:properties__forgeReleaseId>
		<m:properties__project.reporting.outputEncoding>UTF-8</m:properties__project.reporting.outputEncoding>
		<m:dependency.management__org.sonatype.sisu__sisu-inject-bean__version>2.1.1</m:dependency.management__org.sonatype.sisu__sisu-inject-bean__version>
		<m:dependency.management__org.sonatype.sisu__sisu-inject-bean__scope>runtime</m:dependency.management__org.sonatype.sisu__sisu-inject-bean__scope>
		<m:dependency.management__org.sonatype.sisu__sisu-guice__version>2.9.4</m:dependency.management__org.sonatype.sisu__sisu-guice__version>
		<m:dependency.management__org.sonatype.sisu__sisu-guice__scope>runtime</m:dependency.management__org.sonatype.sisu__sisu-guice__scope>
		<m:dependency.management__javax.inject__javax.inject__version>1</m:dependency.management__javax.inject__javax.inject__version>
		<m:dependency.management__javax.inject__javax.inject__scope>compile</m:dependency.management__javax.inject__javax.inject__scope>
		<m:dependency.management__org.sonatype.sisu__sisu-inject-plexus__version>2.1.1</m:dependency.management__org.sonatype.sisu__sisu-inject-plexus__version>
		<m:dependency.management__org.sonatype.sisu__sisu-inject-plexus__scope>compile</m:dependency.management__org.sonatype.sisu__sisu-inject-plexus__scope>
		<m:dependency.management__org.codehaus.plexus__plexus-component-annotations__version>1.5.5</m:dependency.management__org.codehaus.plexus__plexus-component-annotations__version>
		<m:dependency.management__org.codehaus.plexus__plexus-component-annotations__scope>compile</m:dependency.management__org.codehaus.plexus__plexus-component-annotations__scope>
		<m:dependency.management__org.codehaus.plexus__plexus-classworlds__version>2.4</m:dependency.management__org.codehaus.plexus__plexus-classworlds__version>
		<m:dependency.management__org.codehaus.plexus__plexus-classworlds__scope>compile</m:dependency.management__org.codehaus.plexus__plexus-classworlds__scope>
		<m:dependency.management__org.codehaus.plexus__plexus-utils__version>2.0.5</m:dependency.management__org.codehaus.plexus__plexus-utils__version>
		<m:dependency.management__org.codehaus.plexus__plexus-utils__scope>compile</m:dependency.management__org.codehaus.plexus__plexus-utils__scope>
		<m:dependency.management__org.slf4j__slf4j-api__version>1.6.1</m:dependency.management__org.slf4j__slf4j-api__version>
		<m:dependency.management__org.slf4j__slf4j-api__scope>compile</m:dependency.management__org.slf4j__slf4j-api__scope>
		<m:dependency.management__org.slf4j__jcl-over-slf4j__version>1.6.1</m:dependency.management__org.slf4j__jcl-over-slf4j__version>
		<m:dependency.management__org.slf4j__jcl-over-slf4j__scope>runtime</m:dependency.management__org.slf4j__jcl-over-slf4j__scope>
		<m:dependency.management__org.slf4j__jul-to-slf4j__version>1.6.1</m:dependency.management__org.slf4j__jul-to-slf4j__version>
		<m:dependency.management__org.slf4j__jul-to-slf4j__scope>runtime</m:dependency.management__org.slf4j__jul-to-slf4j__scope>
		<m:dependency.management__org.slf4j__slf4j-simple__version>1.6.1</m:dependency.management__org.slf4j__slf4j-simple__version>
		<m:dependency.management__org.slf4j__slf4j-simple__scope>test</m:dependency.management__org.slf4j__slf4j-simple__scope>
		<m:dependency.management__junit__junit__version>4.8.2</m:dependency.management__junit__junit__version>
		<m:dependency.management__junit__junit__scope>test</m:dependency.management__junit__junit__scope>
		<m:maven.plugins>org.apache.maven.plugins__maven-surefire-plugin__null|org.apache.maven.plugins__maven-enforcer-plugin__1.1.1</m:maven.plugins>
	</info>
	<configurations>
		<conf name="default" visibility="public" description="runtime dependencies and master artifact can be used with this conf" extends="runtime,master"/>
		<conf name="master" visibility="public" description="contains only the artifact published by this module itself, with no transitive dependencies"/>
		<conf name="compile" visibility="public" description="this is the default scope, used if none is specified. Compile dependencies are available in all classpaths."/>
		<conf name="provided" visibility="public" description="this is much like compile, but indicates you expect the JDK or a container to provide it. It is only available on the compilation classpath, and is not transitive."/>
		<conf name="runtime" visibility="public" description="this scope indicates that the dependency is not required for compilation, but is for execution. It is in the runtime and test classpaths, but not the compile classpath." extends="compile"/>
		<conf name="test" visibility="private" description="this scope indicates that the dependency is not required for normal use of the application, and is only available for the test compilation and execution phases." extends="runtime"/>
		<conf name="system" visibility="public" description="this scope is similar to provided except that you have to provide the JAR which contains it explicitly. The artifact is always available and is not looked up in a repository."/>
		<conf name="sources" visibility="public" description="this configuration contains the source artifact of this module, if any."/>
		<conf name="javadoc" visibility="public" description="this configuration contains the javadoc artifact of this module, if any."/>
		<conf name="optional" visibility="public" description="contains all optional dependencies"/>
	</configurations>
	<publications>
		<artifact name="plexus-utils" type="jar" ext="jar" conf="master"/>
		<artifact name="plexus-utils" type="source" ext="jar" conf="sources" m:classifier="sources"/>
		<artifact name="plexus-utils" type="javadoc" ext="jar" conf="javadoc" m:classifier="javadoc"/>
	</publications>
	<dependencies>
		<dependency org="junit" name="junit" rev="3.8.2" force="true" conf="test->runtime(*),master(*)"/>
		<override org="org.codehaus.plexus" module="plexus-utils" matcher="exact" rev="2.0.5"/>
		<override org="org.codehaus.plexus" module="plexus-classworlds" matcher="exact" rev="2.4"/>
		<override org="org.sonatype.sisu" module="sisu-inject-bean" matcher="exact" rev="2.1.1"/>
		<override org="org.sonatype.sisu" module="sisu-guice" matcher="exact" rev="2.9.4"/>
		<override org="org.slf4j" module="jcl-over-slf4j" matcher="exact" rev="1.6.1"/>
		<override org="org.slf4j" module="slf4j-simple" matcher="exact" rev="1.6.1"/>
		<override org="javax.inject" module="javax.inject" matcher="exact" rev="1"/>
		<override org="org.sonatype.sisu" module="sisu-inject-plexus" matcher="exact" rev="2.1.1"/>
		<override org="junit" module="junit" matcher="exact" rev="4.8.2"/>
		<override org="org.codehaus.plexus" module="plexus-component-annotations" matcher="exact" rev="1.5.5"/>
		<override org="org.slf4j" module="slf4j-api" matcher="exact" rev="1.6.1"/>
		<override org="org.slf4j" module="jul-to-slf4j" matcher="exact" rev="1.6.1"/>
	</dependencies>
</ivy-module>
